"PART_ID","WORK_STRT_DTTM","WORK_END_DTTM","WORK_END_RESN","EXEC_ID"
1203,"2024-04-30 09:44:45.0","2024-04-30 21:33:05.0","Fin de journée",12
9788,"2024-05-06 08:07:45.0","2024-05-06 21:37:03.0","Fin de journée",12
2141,"2024-05-01 08:20:05.0","2024-05-01 22:29:54.0","Fin de journée",12
61,"2024-04-29 04:08:04.0","2024-04-29 18:42:53.0","Fin de journée",12
1264,"2024-04-30 04:53:32.0","2024-04-30 15:47:54.0","Fin de journée",12
6627,"2024-05-04 01:18:19.0","2024-05-04 22:10:48.0","Fin de journée",12
12724,"2024-05-08 05:40:03.0","2024-05-08 23:31:27.0","Fin de journée",12
9767,"2024-05-06 07:54:56.0","2024-05-06 22:26:56.0","Fin de journée",12
12785,"2024-05-08 06:43:44.0","2024-05-08 15:25:35.0","Fin de journée",12
7687,"2024-05-05 01:13:07.0","2024-05-05 21:21:29.0","Fin de journée",12
2120,"2024-05-01 01:11:32.0","2024-05-01 21:23:05.0","Fin de journée",12
5607,"2024-05-03 08:27:30.0","2024-05-03 13:04:40.0","Fin de journée",12
40,"2024-04-29 05:48:18.0","2024-04-29 20:53:14.0","Fin de journée",12
1243,"2024-04-30 08:59:24.0","2024-04-30 13:49:43.0","Fin de journée",12
6606,"2024-05-04 07:24:33.0","2024-05-04 14:01:24.0","Fin de journée",12
11826,"2024-05-07 05:20:21.0","2024-05-07 18:04:50.0","Fin de journée",12
9746,"2024-05-06 07:02:03.0","2024-05-06 20:11:27.0","Fin de journée",12
12764,"2024-05-08 02:36:50.0","2024-05-08 14:52:03.0","Fin de journée",12
5586,"2024-05-03 05:50:43.0","2024-05-03 18:51:08.0","Fin de journée",12
19,"2024-04-29 04:47:51.0","2024-04-29 20:18:19.0","Fin de journée",12
3506,"2024-05-02 00:31:55.0","2024-05-02 20:41:56.0","Fin de journée",12
1222,"2024-04-30 04:26:57.0","2024-04-30 14:22:47.0","Fin de journée",12
2160,"2024-05-01 05:43:52.0","2024-05-01 13:35:42.0","Fin de journée",12
80,"2024-04-29 05:16:26.0","2024-04-29 17:38:37.0","Fin de journée",12
1283,"2024-04-30 08:52:13.0","2024-04-30 19:15:51.0","Fin de journée",12
11744,"2024-05-07 02:39:08.0","2024-05-07 20:51:57.0","Fin de journée",12
6646,"2024-05-04 09:31:04.0","2024-05-04 13:35:03.0","Fin de journée",12
12743,"2024-05-08 01:02:51.0","2024-05-08 21:25:18.0","Fin de journée",12
5565,"2024-05-03 03:14:11.0","2024-05-03 16:25:32.0","Fin de journée",12
9786,"2024-05-06 08:19:40.0","2024-05-06 15:48:17.0","Fin de journée",12
7706,"2024-05-05 03:47:48.0","2024-05-05 20:19:15.0","Fin de journée",12
2139,"2024-05-01 08:02:17.0","2024-05-01 17:51:09.0","Fin de journée",12
59,"2024-04-29 09:21:56.0","2024-04-29 14:56:54.0","Fin de journée",12
1262,"2024-04-30 04:53:14.0","2024-04-30 19:53:01.0","Fin de journée",12
6625,"2024-05-04 07:20:23.0","2024-05-04 18:39:18.0","Fin de journée",12
9765,"2024-05-06 08:03:27.0","2024-05-06 13:24:56.0","Fin de journée",12
12783,"2024-05-08 10:13:18.0","2024-05-08 15:15:52.0","Fin de journée",12
7685,"2024-05-05 10:19:28.0","2024-05-05 20:04:18.0","Fin de journée",12
2118,"2024-05-01 07:25:36.0","2024-05-01 17:04:31.0","Fin de journée",12
5605,"2024-05-03 06:44:03.0","2024-05-03 20:39:45.0","Fin de journée",12
38,"2024-04-29 02:49:37.0","2024-04-29 20:31:47.0","Fin de journée",12
3525,"2024-05-02 04:03:04.0","2024-05-02 19:52:22.0","Fin de journée",12
1241,"2024-04-30 08:35:26.0","2024-04-30 17:48:09.0","Fin de journée",12
2179,"2024-05-01 06:17:25.0","2024-05-01 17:02:31.0","Fin de journée",12
6604,"2024-05-04 03:12:58.0","2024-05-04 22:49:02.0","Fin de journée",12
6665,"2024-05-04 01:58:26.0","2024-05-04 23:27:30.0","Fin de journée",12
9744,"2024-05-06 01:09:48.0","2024-05-06 22:14:35.0","Fin de journée",12
12762,"2024-05-08 07:38:44.0","2024-05-08 20:01:30.0","Fin de journée",12
5584,"2024-05-03 02:13:07.0","2024-05-03 20:15:11.0","Fin de journée",12
9805,"2024-05-06 07:20:42.0","2024-05-06 14:08:09.0","Fin de journée",12
7725,"2024-05-05 09:25:35.0","2024-05-05 16:38:07.0","Fin de journée",12
2158,"2024-05-01 05:22:05.0","2024-05-01 15:43:22.0","Fin de journée",12
78,"2024-04-29 01:22:08.0","2024-04-29 16:56:50.0","Fin de journée",12
1281,"2024-04-30 04:09:31.0","2024-04-30 13:15:27.0","Fin de journée",12
11742,"2024-05-07 06:11:44.0","2024-05-07 18:39:36.0","Fin de journée",12
6644,"2024-05-04 09:38:29.0","2024-05-04 22:18:53.0","Fin de journée",12
12741,"2024-05-08 00:30:45.0","2024-05-08 20:33:58.0","Fin de journée",12
5563,"2024-05-03 05:12:24.0","2024-05-03 22:37:32.0","Fin de journée",12
9784,"2024-05-06 08:09:11.0","2024-05-06 14:21:05.0","Fin de journée",12
12802,"2024-05-08 07:47:29.0","2024-05-08 18:54:02.0","Fin de journée",12
7704,"2024-05-05 09:59:41.0","2024-05-05 23:14:27.0","Fin de journée",12
2137,"2024-05-01 05:53:25.0","2024-05-01 21:26:47.0","Fin de journée",12
5624,"2024-05-03 05:53:37.0","2024-05-03 20:36:10.0","Fin de journée",12
57,"2024-04-29 00:49:09.0","2024-04-29 16:51:23.0","Fin de journée",12
1260,"2024-04-30 08:37:21.0","2024-04-30 13:27:20.0","Fin de journée",12
2198,"2024-05-01 03:59:27.0","2024-05-01 22:28:46.0","Fin de journée",12
6623,"2024-05-04 07:07:58.0","2024-05-04 23:52:43.0","Fin de journée",12
9763,"2024-05-06 04:23:17.0","2024-05-06 21:47:55.0","Fin de journée",12
12781,"2024-05-08 09:25:03.0","2024-05-08 15:35:09.0","Fin de journée",12
7683,"2024-05-05 03:33:26.0","2024-05-05 15:29:34.0","Fin de journée",12
5603,"2024-05-03 03:38:44.0","2024-05-03 15:36:35.0","Fin de journée",12
36,"2024-04-29 07:24:36.0","2024-04-29 17:14:13.0","Fin de journée",12
3523,"2024-05-02 08:21:56.0","2024-05-02 20:10:33.0","Fin de journée",12
1239,"2024-04-30 02:09:12.0","2024-04-30 19:21:16.0","Fin de journée",12
9824,"2024-05-06 00:18:06.0","2024-05-06 21:16:12.0","Fin de journée",12
2177,"2024-05-01 01:40:13.0","2024-05-01 13:41:13.0","Fin de journée",12
97,"2024-04-29 02:04:10.0","2024-04-29 21:21:36.0","Fin de journée",12
11761,"2024-05-07 02:45:07.0","2024-05-07 13:27:42.0","Fin de journée",12
6663,"2024-05-04 06:51:58.0","2024-05-04 19:14:11.0","Fin de journée",12
12760,"2024-05-08 04:20:15.0","2024-05-08 15:40:56.0","Fin de journée",12
5582,"2024-05-03 00:31:40.0","2024-05-03 18:52:10.0","Fin de journée",12
9803,"2024-05-06 04:40:23.0","2024-05-06 18:12:49.0","Fin de journée",12
7723,"2024-05-05 00:13:19.0","2024-05-05 19:05:53.0","Fin de journée",12
2156,"2024-05-01 05:52:15.0","2024-05-01 14:46:17.0","Fin de journée",12
5643,"2024-05-03 07:32:44.0","2024-05-03 13:34:48.0","Fin de journée",12
76,"2024-04-29 09:11:25.0","2024-04-29 16:30:04.0","Fin de journée",12
1279,"2024-04-30 04:25:36.0","2024-04-30 20:25:57.0","Fin de journée",12
11740,"2024-05-07 06:51:54.0","2024-05-07 19:39:26.0","Fin de journée",12
6642,"2024-05-04 00:23:08.0","2024-05-04 13:34:57.0","Fin de journée",12
9782,"2024-05-06 10:28:52.0","2024-05-06 19:04:08.0","Fin de journée",12
12800,"2024-05-08 00:37:19.0","2024-05-08 23:02:38.0","Fin de journée",12
7702,"2024-05-05 05:58:22.0","2024-05-05 18:51:05.0","Fin de journée",12
5622,"2024-05-03 02:32:13.0","2024-05-03 13:04:45.0","Fin de journée",12
55,"2024-04-29 01:25:07.0","2024-04-29 21:07:17.0","Fin de journée",12
3542,"2024-05-02 01:49:03.0","2024-05-02 16:43:38.0","Fin de journée",12
1258,"2024-04-30 05:25:33.0","2024-04-30 19:28:03.0","Fin de journée",12
2196,"2024-05-01 01:31:03.0","2024-05-01 19:14:53.0","Fin de journée",12
11780,"2024-05-07 08:36:12.0","2024-05-07 16:01:45.0","Fin de journée",12
12779,"2024-05-08 07:46:33.0","2024-05-08 17:16:26.0","Fin de journée",12
7681,"2024-05-05 07:39:58.0","2024-05-05 19:01:14.0","Fin de journée",12
5601,"2024-05-03 10:13:51.0","2024-05-03 18:49:51.0","Fin de journée",12
3521,"2024-05-02 00:17:50.0","2024-05-02 15:36:46.0","Fin de journée",12
9822,"2024-05-06 10:34:50.0","2024-05-06 19:11:02.0","Fin de journée",12
7742,"2024-05-05 10:12:41.0","2024-05-05 13:19:31.0","Fin de journée",12
2175,"2024-05-01 09:47:07.0","2024-05-01 23:52:34.0","Fin de journée",12
95,"2024-04-29 07:53:04.0","2024-04-29 17:24:37.0","Fin de journée",12
11759,"2024-05-07 07:02:14.0","2024-05-07 13:42:32.0","Fin de journée",12
6661,"2024-05-04 10:44:39.0","2024-05-04 20:20:33.0","Fin de journée",12
9801,"2024-05-06 08:57:02.0","2024-05-06 17:47:42.0","Fin de journée",12
7721,"2024-05-05 03:06:02.0","2024-05-05 15:50:19.0","Fin de journée",12
2154,"2024-05-01 04:15:35.0","2024-05-01 19:15:29.0","Fin de journée",12
5641,"2024-05-03 01:48:59.0","2024-05-03 22:30:52.0","Fin de journée",12
74,"2024-04-29 00:25:06.0","2024-04-29 14:17:44.0","Fin de journée",12
3561,"2024-05-02 04:08:24.0","2024-05-02 13:07:54.0","Fin de journée",12
1277,"2024-04-30 08:50:26.0","2024-04-30 15:50:06.0","Fin de journée",12
2215,"2024-05-01 07:57:09.0","2024-05-01 21:12:32.0","Fin de journée",12
11738,"2024-05-07 08:51:35.0","2024-05-07 15:27:26.0","Fin de journée",12
6640,"2024-05-04 09:03:04.0","2024-05-04 14:25:12.0","Fin de journée",12
9780,"2024-05-06 10:26:38.0","2024-05-06 18:08:48.0","Fin de journée",12
12798,"2024-05-08 05:55:49.0","2024-05-08 13:56:12.0","Fin de journée",12
7700,"2024-05-05 01:31:57.0","2024-05-05 18:24:01.0","Fin de journée",12
5620,"2024-05-03 03:40:37.0","2024-05-03 21:32:03.0","Fin de journée",12
3540,"2024-05-02 06:17:31.0","2024-05-02 13:41:27.0","Fin de journée",12
9841,"2024-05-06 09:13:17.0","2024-05-06 15:59:12.0","Fin de journée",12
2194,"2024-05-01 05:21:35.0","2024-05-01 20:37:19.0","Fin de journée",12
11778,"2024-05-07 01:21:47.0","2024-05-07 19:43:51.0","Fin de journée",12
12777,"2024-05-08 06:32:38.0","2024-05-08 19:33:31.0","Fin de journée",12
5599,"2024-05-03 08:53:35.0","2024-05-03 19:31:40.0","Fin de journée",12
3519,"2024-05-02 09:24:56.0","2024-05-02 22:56:39.0","Fin de journée",12
9820,"2024-05-06 05:42:08.0","2024-05-06 19:20:54.0","Fin de journée",12
7740,"2024-05-05 03:34:30.0","2024-05-05 17:53:11.0","Fin de journée",12
2173,"2024-05-01 05:05:15.0","2024-05-01 23:24:07.0","Fin de journée",12
5660,"2024-05-03 05:58:24.0","2024-05-03 23:40:47.0","Fin de journée",12
93,"2024-04-29 02:12:29.0","2024-04-29 17:14:39.0","Fin de journée",12
11757,"2024-05-07 03:35:38.0","2024-05-07 17:38:03.0","Fin de journée",12
6659,"2024-05-04 03:05:13.0","2024-05-04 22:54:30.0","Fin de journée",12
9799,"2024-05-06 07:14:58.0","2024-05-06 14:59:35.0","Fin de journée",12
7719,"2024-05-05 03:53:43.0","2024-05-05 17:31:37.0","Fin de journée",12
5639,"2024-05-03 07:33:34.0","2024-05-03 14:02:13.0","Fin de journée",12
72,"2024-04-29 04:33:19.0","2024-04-29 18:50:42.0","Fin de journée",12
3559,"2024-05-02 10:34:22.0","2024-05-02 16:59:42.0","Fin de journée",12
1275,"2024-04-30 01:31:02.0","2024-04-30 20:04:23.0","Fin de journée",12
2213,"2024-05-01 02:35:06.0","2024-05-01 19:17:58.0","Fin de journée",12
11736,"2024-05-07 06:37:56.0","2024-05-07 20:24:52.0","Fin de journée",12
11797,"2024-05-07 03:23:08.0","2024-05-07 17:42:47.0","Fin de journée",12
12796,"2024-05-08 06:40:20.0","2024-05-08 18:44:27.0","Fin de journée",12
5618,"2024-05-03 09:35:10.0","2024-05-03 15:17:35.0","Fin de journée",12
3538,"2024-05-02 06:06:54.0","2024-05-02 16:01:23.0","Fin de journée",12
9839,"2024-05-06 05:02:40.0","2024-05-06 21:07:08.0","Fin de journée",12
7759,"2024-05-05 04:32:43.0","2024-05-05 15:25:01.0","Fin de journée",12
2192,"2024-05-01 01:51:49.0","2024-05-01 23:58:21.0","Fin de journée",12
11776,"2024-05-07 10:04:57.0","2024-05-07 22:58:13.0","Fin de journée",12
9818,"2024-05-06 09:15:20.0","2024-05-06 14:28:47.0","Fin de journée",12
7738,"2024-05-05 03:30:37.0","2024-05-05 16:55:44.0","Fin de journée",12
5658,"2024-05-03 09:23:49.0","2024-05-03 22:16:13.0","Fin de journée",12
91,"2024-04-29 09:11:41.0","2024-04-29 16:01:37.0","Fin de journée",12
3578,"2024-05-02 05:48:35.0","2024-05-02 21:14:08.0","Fin de journée",12
1294,"2024-04-30 07:50:19.0","2024-04-30 17:04:37.0","Fin de journée",12
11755,"2024-05-07 00:39:22.0","2024-05-07 18:51:12.0","Fin de journée",12
11816,"2024-05-07 07:16:56.0","2024-05-07 21:26:54.0","Fin de journée",12
7717,"2024-05-05 04:59:01.0","2024-05-05 13:32:31.0","Fin de journée",12
5637,"2024-05-03 09:31:46.0","2024-05-03 19:58:57.0","Fin de journée",12
3557,"2024-05-02 07:58:48.0","2024-05-02 21:39:01.0","Fin de journée",12
6575,"2024-05-04 01:01:20.0","2024-05-04 22:42:49.0","Fin de journée",12
7778,"2024-05-05 04:32:34.0","2024-05-05 15:46:49.0","Fin de journée",12
2211,"2024-05-01 08:20:37.0","2024-05-01 21:01:59.0","Fin de journée",12
11795,"2024-05-07 08:06:12.0","2024-05-07 15:37:57.0","Fin de journée",12
3536,"2024-05-02 08:55:15.0","2024-05-02 13:38:22.0","Fin de journée",12
9837,"2024-05-06 03:28:05.0","2024-05-06 19:33:07.0","Fin de journée",12
7757,"2024-05-05 08:51:34.0","2024-05-05 23:09:03.0","Fin de journée",12
2190,"2024-05-01 04:30:13.0","2024-05-01 16:42:04.0","Fin de journée",12
3597,"2024-05-02 01:17:25.0","2024-05-02 18:40:18.0","Fin de journée",12
11774,"2024-05-07 06:52:55.0","2024-05-07 23:35:38.0","Fin de journée",12
9816,"2024-05-06 03:09:26.0","2024-05-06 16:51:03.0","Fin de journée",12
7736,"2024-05-05 02:29:06.0","2024-05-05 20:15:26.0","Fin de journée",12
5656,"2024-05-03 05:05:57.0","2024-05-03 14:57:46.0","Fin de journée",12
3576,"2024-05-02 06:37:19.0","2024-05-02 23:38:09.0","Fin de journée",12
6594,"2024-05-04 02:14:14.0","2024-05-04 16:30:55.0","Fin de journée",12
1292,"2024-04-30 02:09:59.0","2024-04-30 18:50:50.0","Fin de journée",12
11814,"2024-05-07 04:13:04.0","2024-05-07 14:14:34.0","Fin de journée",12
7,"2024-04-29 03:20:52.0","2024-04-29 19:57:48.0","Fin de journée",12
1210,"2024-04-30 05:04:40.0","2024-04-30 18:46:35.0","Fin de journée",12
12813,"2024-05-08 06:17:26.0","2024-05-08 21:05:20.0","Fin de journée",12
5635,"2024-05-03 01:14:20.0","2024-05-03 19:05:25.0","Fin de journée",12
3555,"2024-05-02 03:58:19.0","2024-05-02 22:19:27.0","Fin de journée",12
6573,"2024-05-04 10:26:30.0","2024-05-04 18:22:51.0","Fin de journée",12
7776,"2024-05-05 05:32:43.0","2024-05-05 15:19:09.0","Fin de journée",12
2209,"2024-05-01 08:42:34.0","2024-05-01 22:21:59.0","Fin de journée",12
11793,"2024-05-07 09:07:47.0","2024-05-07 17:55:01.0","Fin de journée",12
12731,"2024-05-08 02:26:02.0","2024-05-08 16:33:35.0","Fin de journée",12
9835,"2024-05-06 03:26:49.0","2024-05-06 14:12:54.0","Fin de journée",12
7755,"2024-05-05 07:47:57.0","2024-05-05 23:26:33.0","Fin de journée",12
3595,"2024-05-02 02:32:05.0","2024-05-02 15:54:53.0","Fin de journée",12
11772,"2024-05-07 00:46:25.0","2024-05-07 23:13:49.0","Fin de journée",12
26,"2024-04-29 05:39:36.0","2024-04-29 23:09:30.0","Fin de journée",12
1229,"2024-04-30 08:25:22.0","2024-04-30 14:32:04.0","Fin de journée",12
7734,"2024-05-05 09:45:11.0","2024-05-05 17:04:45.0","Fin de journée",12
5654,"2024-05-03 05:49:23.0","2024-05-03 18:37:09.0","Fin de journée",12
3574,"2024-05-02 00:04:28.0","2024-05-02 13:14:27.0","Fin de journée",12
6592,"2024-05-04 02:42:25.0","2024-05-04 18:26:31.0","Fin de journée",12
11812,"2024-05-07 03:06:01.0","2024-05-07 18:31:47.0","Fin de journée",12
5,"2024-04-29 02:35:35.0","2024-04-29 13:23:23.0","Fin de journée",12
1208,"2024-04-30 09:42:41.0","2024-04-30 23:07:19.0","Fin de journée",12
3553,"2024-05-02 10:18:50.0","2024-05-02 22:54:14.0","Fin de journée",12
6571,"2024-05-04 00:35:16.0","2024-05-04 15:19:05.0","Fin de journée",12
7774,"2024-05-05 07:25:09.0","2024-05-05 13:27:20.0","Fin de journée",12
11791,"2024-05-07 02:52:12.0","2024-05-07 15:58:04.0","Fin de journée",12
12729,"2024-05-08 04:28:13.0","2024-05-08 18:55:58.0","Fin de journée",12
2125,"2024-05-01 09:19:39.0","2024-05-01 22:49:32.0","Fin de journée",12
7753,"2024-05-05 05:04:31.0","2024-05-05 23:15:33.0","Fin de journée",12
3593,"2024-05-02 00:34:15.0","2024-05-02 21:58:33.0","Fin de journée",12
6611,"2024-05-04 00:17:44.0","2024-05-04 18:59:06.0","Fin de journée",12
9751,"2024-05-06 02:32:03.0","2024-05-06 14:26:53.0","Fin de journée",12
24,"2024-04-29 05:57:01.0","2024-04-29 20:48:25.0","Fin de journée",12
1227,"2024-04-30 03:45:01.0","2024-04-30 21:33:03.0","Fin de journée",12
3572,"2024-05-02 08:41:55.0","2024-05-02 14:57:51.0","Fin de journée",12
6590,"2024-05-04 08:48:41.0","2024-05-04 13:35:47.0","Fin de journée",12
11810,"2024-05-07 09:13:23.0","2024-05-07 23:26:49.0","Fin de journée",12
12748,"2024-05-08 03:19:27.0","2024-05-08 21:40:48.0","Fin de journée",12
5570,"2024-05-03 00:33:38.0","2024-05-03 17:31:02.0","Fin de journée",12
3,"2024-04-29 00:17:41.0","2024-04-29 19:49:25.0","Fin de journée",12
1206,"2024-04-30 01:04:32.0","2024-04-30 18:37:27.0","Fin de journée",12
2144,"2024-05-01 03:39:03.0","2024-05-01 21:10:46.0","Fin de journée",12
7772,"2024-05-05 05:34:19.0","2024-05-05 22:49:18.0","Fin de journée",12
6630,"2024-05-04 07:34:26.0","2024-05-04 14:31:32.0","Fin de journée",12
12727,"2024-05-08 10:08:23.0","2024-05-08 13:06:41.0","Fin de journée",12
9770,"2024-05-06 06:45:13.0","2024-05-06 17:04:33.0","Fin de journée",12
2123,"2024-05-01 10:47:21.0","2024-05-01 22:27:53.0","Fin de journée",12
43,"2024-04-29 09:46:29.0","2024-04-29 21:08:38.0","Fin de journée",12
1246,"2024-04-30 06:57:21.0","2024-04-30 23:53:26.0","Fin de journée",12
3591,"2024-05-02 08:25:35.0","2024-05-02 17:25:27.0","Fin de journée",12
6609,"2024-05-04 05:41:09.0","2024-05-04 13:47:49.0","Fin de journée",12
9749,"2024-05-06 06:53:38.0","2024-05-06 14:49:34.0","Fin de journée",12
12767,"2024-05-08 07:50:55.0","2024-05-08 15:06:55.0","Fin de journée",12
5589,"2024-05-03 02:08:12.0","2024-05-03 17:29:40.0","Fin de journée",12
22,"2024-04-29 10:49:49.0","2024-04-29 14:54:08.0","Fin de journée",12
1225,"2024-04-30 10:57:01.0","2024-04-30 17:47:29.0","Fin de journée",12
6588,"2024-05-04 03:08:32.0","2024-05-04 23:59:27.0","Fin de journée",12
11808,"2024-05-07 02:44:53.0","2024-05-07 17:31:25.0","Fin de journée",12
12746,"2024-05-08 08:56:24.0","2024-05-08 22:38:48.0","Fin de journée",12
5568,"2024-05-03 07:29:15.0","2024-05-03 13:55:19.0","Fin de journée",12
1,"2024-04-29 05:09:10.0","2024-04-29 17:33:54.0","Fin de journée",12
1204,"2024-04-30 09:02:46.0","2024-04-30 15:13:39.0","Fin de journée",12
2142,"2024-05-01 06:42:11.0","2024-05-01 19:03:40.0","Fin de journée",12
62,"2024-04-29 10:13:09.0","2024-04-29 20:04:36.0","Fin de journée",12
1265,"2024-04-30 05:57:39.0","2024-04-30 14:04:32.0","Fin de journée",12
7770,"2024-05-05 08:14:09.0","2024-05-05 13:02:16.0","Fin de journée",12
6628,"2024-05-04 02:04:32.0","2024-05-04 18:57:01.0","Fin de journée",12
12725,"2024-05-08 00:52:52.0","2024-05-08 19:32:22.0","Fin de journée",12
9768,"2024-05-06 05:26:43.0","2024-05-06 20:35:03.0","Fin de journée",12
7688,"2024-05-05 02:49:51.0","2024-05-05 20:23:25.0","Fin de journée",12
2121,"2024-05-01 06:30:13.0","2024-05-01 14:40:24.0","Fin de journée",12
41,"2024-04-29 01:31:08.0","2024-04-29 22:29:41.0","Fin de journée",12
1244,"2024-04-30 09:45:26.0","2024-04-30 14:43:39.0","Fin de journée",12
3589,"2024-05-02 05:26:55.0","2024-05-02 21:48:14.0","Fin de journée",12
6607,"2024-05-04 08:57:57.0","2024-05-04 14:07:06.0","Fin de journée",12
9747,"2024-05-06 09:18:50.0","2024-05-06 23:17:17.0","Fin de journée",12
12765,"2024-05-08 05:54:45.0","2024-05-08 16:31:55.0","Fin de journée",12
5587,"2024-05-03 01:39:03.0","2024-05-03 19:17:25.0","Fin de journée",12
20,"2024-04-29 04:44:11.0","2024-04-29 19:25:49.0","Fin de journée",12
3507,"2024-05-02 02:47:44.0","2024-05-02 21:07:34.0","Fin de journée",12
1223,"2024-04-30 07:57:21.0","2024-04-30 13:49:21.0","Fin de journée",12
2161,"2024-05-01 03:49:26.0","2024-05-01 14:30:50.0","Fin de journée",12
6586,"2024-05-04 01:54:06.0","2024-05-04 23:05:37.0","Fin de journée",12
6647,"2024-05-04 07:11:58.0","2024-05-04 15:49:40.0","Fin de journée",12
12744,"2024-05-08 03:50:47.0","2024-05-08 15:17:04.0","Fin de journée",12
5566,"2024-05-03 07:04:27.0","2024-05-03 15:15:54.0","Fin de journée",12
9787,"2024-05-06 09:31:42.0","2024-05-06 17:53:36.0","Fin de journée",12
7707,"2024-05-05 02:29:45.0","2024-05-05 23:55:32.0","Fin de journée",12
2140,"2024-05-01 09:49:21.0","2024-05-01 13:36:46.0","Fin de journée",12
60,"2024-04-29 01:16:14.0","2024-04-29 20:27:06.0","Fin de journée",12
1263,"2024-04-30 03:56:12.0","2024-04-30 16:33:38.0","Fin de journée",12
6626,"2024-05-04 07:27:21.0","2024-05-04 16:40:22.0","Fin de journée",12
12723,"2024-05-08 02:33:10.0","2024-05-08 16:16:13.0","Fin de journée",12
9766,"2024-05-06 00:27:06.0","2024-05-06 22:01:21.0","Fin de journée",12
12784,"2024-05-08 05:58:38.0","2024-05-08 18:50:38.0","Fin de journée",12
7686,"2024-05-05 08:43:40.0","2024-05-05 20:34:32.0","Fin de journée",12
2119,"2024-05-01 09:34:56.0","2024-05-01 13:53:53.0","Fin de journée",12
5606,"2024-05-03 09:54:17.0","2024-05-03 21:16:02.0","Fin de journée",12
39,"2024-04-29 04:27:35.0","2024-04-29 16:03:53.0","Fin de journée",12
3526,"2024-05-02 10:05:24.0","2024-05-02 22:47:35.0","Fin de journée",12
1242,"2024-04-30 00:41:16.0","2024-04-30 15:33:45.0","Fin de journée",12
2180,"2024-05-01 10:39:59.0","2024-05-01 21:38:33.0","Fin de journée",12
6605,"2024-05-04 10:49:41.0","2024-05-04 19:19:30.0","Fin de journée",12
6666,"2024-05-04 10:28:03.0","2024-05-04 23:59:09.0","Fin de journée",12
9745,"2024-05-06 00:37:49.0","2024-05-06 17:54:28.0","Fin de journée",12
12763,"2024-05-08 08:42:10.0","2024-05-08 23:14:06.0","Fin de journée",12
5585,"2024-05-03 01:22:48.0","2024-05-03 13:34:20.0","Fin de journée",12
18,"2024-04-29 00:19:24.0","2024-04-29 16:23:57.0","Fin de journée",12
3505,"2024-05-02 02:52:54.0","2024-05-02 17:41:36.0","Fin de journée",12
1221,"2024-04-30 06:37:04.0","2024-04-30 13:58:44.0","Fin de journée",12
9806,"2024-05-06 05:13:05.0","2024-05-06 23:41:41.0","Fin de journée",12
2159,"2024-05-01 09:02:23.0","2024-05-01 16:06:43.0","Fin de journée",12
79,"2024-04-29 05:56:42.0","2024-04-29 23:58:23.0","Fin de journée",12
1282,"2024-04-30 03:42:20.0","2024-04-30 18:10:45.0","Fin de journée",12
11743,"2024-05-07 02:41:16.0","2024-05-07 17:57:06.0","Fin de journée",12
6645,"2024-05-04 07:16:39.0","2024-05-04 13:26:50.0","Fin de journée",12
12742,"2024-05-08 10:33:54.0","2024-05-08 15:56:30.0","Fin de journée",12
5564,"2024-05-03 03:17:01.0","2024-05-03 15:55:40.0","Fin de journée",12
9785,"2024-05-06 09:38:39.0","2024-05-06 15:17:10.0","Fin de journée",12
12803,"2024-05-08 08:52:30.0","2024-05-08 21:12:15.0","Fin de journée",12
7705,"2024-05-05 10:34:18.0","2024-05-05 19:25:50.0","Fin de journée",12
2138,"2024-05-01 01:16:05.0","2024-05-01 20:23:34.0","Fin de journée",12
5625,"2024-05-03 09:42:59.0","2024-05-03 14:04:29.0","Fin de journée",12
58,"2024-04-29 00:32:31.0","2024-04-29 19:41:37.0","Fin de journée",12
1261,"2024-04-30 02:06:33.0","2024-04-30 15:39:30.0","Fin de journée",12
6624,"2024-05-04 00:17:22.0","2024-05-04 19:07:22.0","Fin de journée",12
9764,"2024-05-06 06:36:15.0","2024-05-06 17:16:28.0","Fin de journée",12
12782,"2024-05-08 10:24:16.0","2024-05-08 16:20:28.0","Fin de journée",12
7684,"2024-05-05 05:51:12.0","2024-05-05 22:43:30.0","Fin de journée",12
5604,"2024-05-03 01:54:53.0","2024-05-03 16:17:56.0","Fin de journée",12
37,"2024-04-29 02:17:39.0","2024-04-29 21:29:41.0","Fin de journée",12
3524,"2024-05-02 08:21:45.0","2024-05-02 16:49:05.0","Fin de journée",12
1240,"2024-04-30 02:05:58.0","2024-04-30 15:07:17.0","Fin de journée",12
2178,"2024-05-01 02:52:18.0","2024-05-01 16:34:53.0","Fin de journée",12
98,"2024-04-29 09:59:15.0","2024-04-29 21:17:54.0","Fin de journée",12
11762,"2024-05-07 07:33:28.0","2024-05-07 13:41:12.0","Fin de journée",12
6664,"2024-05-04 07:58:28.0","2024-05-04 15:02:20.0","Fin de journée",12
12761,"2024-05-08 00:41:01.0","2024-05-08 17:47:26.0","Fin de journée",12
5583,"2024-05-03 01:07:26.0","2024-05-03 18:57:05.0","Fin de journée",12
9804,"2024-05-06 06:51:05.0","2024-05-06 23:51:52.0","Fin de journée",12
7724,"2024-05-05 03:03:20.0","2024-05-05 16:40:17.0","Fin de journée",12
2157,"2024-05-01 03:24:28.0","2024-05-01 19:03:44.0","Fin de journée",12
77,"2024-04-29 09:06:38.0","2024-04-29 20:55:26.0","Fin de journée",12
1280,"2024-04-30 08:11:02.0","2024-04-30 15:43:22.0","Fin de journée",12
11741,"2024-05-07 09:17:31.0","2024-05-07 22:19:31.0","Fin de journée",12
6643,"2024-05-04 04:02:59.0","2024-05-04 22:27:11.0","Fin de journée",12
9783,"2024-05-06 02:04:25.0","2024-05-06 16:35:04.0","Fin de journée",12
12801,"2024-05-08 03:31:16.0","2024-05-08 17:08:45.0","Fin de journée",12
7703,"2024-05-05 01:59:11.0","2024-05-05 19:47:02.0","Fin de journée",12
2136,"2024-05-01 02:05:17.0","2024-05-01 14:01:32.0","Fin de journée",12
5623,"2024-05-03 06:54:50.0","2024-05-03 17:36:30.0","Fin de journée",12
56,"2024-04-29 00:18:55.0","2024-04-29 21:38:45.0","Fin de journée",12
3543,"2024-05-02 05:59:54.0","2024-05-02 16:32:08.0","Fin de journée",12
1259,"2024-04-30 03:25:36.0","2024-04-30 16:09:44.0","Fin de journée",12
2197,"2024-05-01 03:09:18.0","2024-05-01 17:03:09.0","Fin de journée",12
6622,"2024-05-04 09:52:49.0","2024-05-04 14:46:15.0","Fin de journée",12
9762,"2024-05-06 05:14:51.0","2024-05-06 23:35:34.0","Fin de journée",12
12780,"2024-05-08 10:37:34.0","2024-05-08 18:24:42.0","Fin de journée",12
7682,"2024-05-05 02:23:09.0","2024-05-05 14:32:23.0","Fin de journée",12
5602,"2024-05-03 06:26:29.0","2024-05-03 19:56:45.0","Fin de journée",12
3522,"2024-05-02 03:51:33.0","2024-05-02 18:47:08.0","Fin de journée",12
9823,"2024-05-06 07:44:05.0","2024-05-06 14:01:56.0","Fin de journée",12
2176,"2024-05-01 08:54:32.0","2024-05-01 13:19:30.0","Fin de journée",12
96,"2024-04-29 02:44:52.0","2024-04-29 22:59:26.0","Fin de journée",12
11760,"2024-05-07 10:10:47.0","2024-05-07 17:40:59.0","Fin de journée",12
6662,"2024-05-04 01:46:06.0","2024-05-04 18:45:25.0","Fin de journée",12
12759,"2024-05-08 00:48:55.0","2024-05-08 23:03:37.0","Fin de journée",12
5581,"2024-05-03 06:16:53.0","2024-05-03 20:46:50.0","Fin de journée",12
9802,"2024-05-06 04:22:25.0","2024-05-06 14:16:32.0","Fin de journée",12
7722,"2024-05-05 05:08:07.0","2024-05-05 23:19:03.0","Fin de journée",12
2155,"2024-05-01 06:57:49.0","2024-05-01 19:11:03.0","Fin de journée",12
5642,"2024-05-03 01:20:19.0","2024-05-03 21:55:56.0","Fin de journée",12
75,"2024-04-29 02:25:19.0","2024-04-29 20:47:58.0","Fin de journée",12
1278,"2024-04-30 08:13:13.0","2024-04-30 18:51:36.0","Fin de journée",12
11739,"2024-05-07 07:16:29.0","2024-05-07 21:26:04.0","Fin de journée",12
6641,"2024-05-04 01:36:49.0","2024-05-04 15:12:20.0","Fin de journée",12
9781,"2024-05-06 04:27:13.0","2024-05-06 20:26:13.0","Fin de journée",12
12799,"2024-05-08 09:14:46.0","2024-05-08 13:52:14.0","Fin de journée",12
7701,"2024-05-05 09:59:09.0","2024-05-05 18:49:21.0","Fin de journée",12
5621,"2024-05-03 07:25:56.0","2024-05-03 13:30:05.0","Fin de journée",12
54,"2024-04-29 05:25:36.0","2024-04-29 16:42:26.0","Fin de journée",12
3541,"2024-05-02 05:58:12.0","2024-05-02 20:52:38.0","Fin de journée",12
1257,"2024-04-30 06:35:37.0","2024-04-30 18:37:41.0","Fin de journée",12
9842,"2024-05-06 06:53:18.0","2024-05-06 21:07:31.0","Fin de journée",12
2195,"2024-05-01 04:56:22.0","2024-05-01 22:30:21.0","Fin de journée",12
11779,"2024-05-07 00:10:19.0","2024-05-07 16:10:32.0","Fin de journée",12
12778,"2024-05-08 07:21:58.0","2024-05-08 20:35:52.0","Fin de journée",12
5600,"2024-05-03 03:15:14.0","2024-05-03 16:28:31.0","Fin de journée",12
3520,"2024-05-02 06:54:15.0","2024-05-02 15:20:46.0","Fin de journée",12
9821,"2024-05-06 06:39:52.0","2024-05-06 14:19:56.0","Fin de journée",12
7741,"2024-05-05 08:50:27.0","2024-05-05 22:30:14.0","Fin de journée",12
2174,"2024-05-01 08:03:06.0","2024-05-01 21:09:51.0","Fin de journée",12
5661,"2024-05-03 04:05:10.0","2024-05-03 21:36:34.0","Fin de journée",12
94,"2024-04-29 07:30:40.0","2024-04-29 15:16:24.0","Fin de journée",12
11758,"2024-05-07 05:21:53.0","2024-05-07 20:52:50.0","Fin de journée",12
6660,"2024-05-04 05:16:25.0","2024-05-04 21:24:37.0","Fin de journée",12
9800,"2024-05-06 09:52:23.0","2024-05-06 19:04:46.0","Fin de journée",12
7720,"2024-05-05 04:04:58.0","2024-05-05 16:21:32.0","Fin de journée",12
5640,"2024-05-03 03:01:07.0","2024-05-03 20:50:24.0","Fin de journée",12
73,"2024-04-29 04:09:06.0","2024-04-29 17:56:48.0","Fin de journée",12
3560,"2024-05-02 07:55:20.0","2024-05-02 13:45:53.0","Fin de journée",12
1276,"2024-04-30 00:33:57.0","2024-04-30 18:13:32.0","Fin de journée",12
2214,"2024-05-01 09:08:35.0","2024-05-01 16:28:56.0","Fin de journée",12
11737,"2024-05-07 03:24:28.0","2024-05-07 14:10:05.0","Fin de journée",12
11798,"2024-05-07 09:20:03.0","2024-05-07 21:42:42.0","Fin de journée",12
12797,"2024-05-08 06:46:37.0","2024-05-08 17:09:36.0","Fin de journée",12
7699,"2024-05-05 07:45:46.0","2024-05-05 20:25:07.0","Fin de journée",12
5619,"2024-05-03 02:49:02.0","2024-05-03 23:45:47.0","Fin de journée",12
3539,"2024-05-02 07:51:15.0","2024-05-02 13:36:34.0","Fin de journée",12
9840,"2024-05-06 05:25:32.0","2024-05-06 17:46:42.0","Fin de journée",12
7760,"2024-05-05 07:34:41.0","2024-05-05 20:47:14.0","Fin de journée",12
2193,"2024-05-01 00:05:36.0","2024-05-01 21:12:01.0","Fin de journée",12
11777,"2024-05-07 03:32:30.0","2024-05-07 20:52:03.0","Fin de journée",12
3518,"2024-05-02 06:33:51.0","2024-05-02 19:36:33.0","Fin de journée",12
9819,"2024-05-06 07:33:51.0","2024-05-06 21:15:17.0","Fin de journée",12
7739,"2024-05-05 04:54:25.0","2024-05-05 20:32:01.0","Fin de journée",12
2172,"2024-05-01 02:50:39.0","2024-05-01 16:06:46.0","Fin de journée",12
5659,"2024-05-03 08:17:50.0","2024-05-03 15:49:44.0","Fin de journée",12
92,"2024-04-29 03:44:31.0","2024-04-29 17:52:51.0","Fin de journée",12
3579,"2024-05-02 10:37:53.0","2024-05-02 22:12:21.0","Fin de journée",12
11756,"2024-05-07 04:36:24.0","2024-05-07 22:21:36.0","Fin de journée",12
6658,"2024-05-04 04:39:38.0","2024-05-04 14:06:20.0","Fin de journée",12
9798,"2024-05-06 03:57:53.0","2024-05-06 15:11:11.0","Fin de journée",12
7718,"2024-05-05 05:16:56.0","2024-05-05 14:24:14.0","Fin de journée",12
5638,"2024-05-03 09:49:23.0","2024-05-03 21:58:26.0","Fin de journée",12
3558,"2024-05-02 10:51:25.0","2024-05-02 20:18:51.0","Fin de journée",12
6576,"2024-05-04 04:50:16.0","2024-05-04 20:57:04.0","Fin de journée",12
2212,"2024-05-01 02:20:30.0","2024-05-01 14:12:43.0","Fin de journée",12
11796,"2024-05-07 00:20:24.0","2024-05-07 13:25:46.0","Fin de journée",12
12795,"2024-05-08 10:35:17.0","2024-05-08 21:55:11.0","Fin de journée",12
5617,"2024-05-03 06:16:22.0","2024-05-03 13:01:53.0","Fin de journée",12
3537,"2024-05-02 00:49:28.0","2024-05-02 20:08:53.0","Fin de journée",12
9838,"2024-05-06 09:58:27.0","2024-05-06 14:17:18.0","Fin de journée",12
7758,"2024-05-05 05:08:49.0","2024-05-05 20:54:48.0","Fin de journée",12
2191,"2024-05-01 05:18:15.0","2024-05-01 23:26:11.0","Fin de journée",12
11775,"2024-05-07 08:33:29.0","2024-05-07 16:40:53.0","Fin de journée",12
9817,"2024-05-06 08:37:35.0","2024-05-06 14:05:36.0","Fin de journée",12
7737,"2024-05-05 00:35:09.0","2024-05-05 18:29:49.0","Fin de journée",12
5657,"2024-05-03 05:15:11.0","2024-05-03 21:28:51.0","Fin de journée",12
90,"2024-04-29 05:41:35.0","2024-04-29 15:01:38.0","Fin de journée",12
3577,"2024-05-02 07:27:03.0","2024-05-02 17:06:44.0","Fin de journée",12
1293,"2024-04-30 03:26:09.0","2024-04-30 18:06:42.0","Fin de journée",12
11754,"2024-05-07 10:26:54.0","2024-05-07 23:13:07.0","Fin de journée",12
11815,"2024-05-07 09:03:09.0","2024-05-07 15:16:45.0","Fin de journée",12
8,"2024-04-29 06:41:39.0","2024-04-29 23:43:15.0","Fin de journée",12
1211,"2024-04-30 10:52:40.0","2024-04-30 19:19:19.0","Fin de journée",12
5636,"2024-05-03 07:02:11.0","2024-05-03 14:18:58.0","Fin de journée",12
3556,"2024-05-02 01:04:21.0","2024-05-02 18:27:05.0","Fin de journée",12
6574,"2024-05-04 02:57:19.0","2024-05-04 16:56:24.0","Fin de journée",12
7777,"2024-05-05 08:39:48.0","2024-05-05 22:43:57.0","Fin de journée",12
2210,"2024-05-01 04:25:04.0","2024-05-01 21:33:50.0","Fin de journée",12
11794,"2024-05-07 02:16:43.0","2024-05-07 17:55:49.0","Fin de journée",12
9836,"2024-05-06 06:07:32.0","2024-05-06 23:14:14.0","Fin de journée",12
7756,"2024-05-05 06:35:47.0","2024-05-05 21:37:23.0","Fin de journée",12
3596,"2024-05-02 02:11:53.0","2024-05-02 15:35:11.0","Fin de journée",12
11773,"2024-05-07 01:05:10.0","2024-05-07 14:08:52.0","Fin de journée",12
7735,"2024-05-05 01:34:38.0","2024-05-05 18:58:04.0","Fin de journée",12
5655,"2024-05-03 01:59:40.0","2024-05-03 17:04:34.0","Fin de journée",12
3575,"2024-05-02 05:29:06.0","2024-05-02 21:24:53.0","Fin de journée",12
6593,"2024-05-04 08:45:05.0","2024-05-04 18:43:11.0","Fin de journée",12
11813,"2024-05-07 08:48:53.0","2024-05-07 13:51:58.0","Fin de journée",12
6,"2024-04-29 04:21:43.0","2024-04-29 22:42:59.0","Fin de journée",12
1209,"2024-04-30 09:57:38.0","2024-04-30 19:08:16.0","Fin de journée",12
3554,"2024-05-02 08:04:19.0","2024-05-02 19:30:36.0","Fin de journée",12
6572,"2024-05-04 07:22:35.0","2024-05-04 22:37:30.0","Fin de journée",12
7775,"2024-05-05 09:20:44.0","2024-05-05 18:51:33.0","Fin de journée",12
2208,"2024-05-01 03:52:52.0","2024-05-01 21:50:55.0","Fin de journée",12
11792,"2024-05-07 06:26:25.0","2024-05-07 23:30:51.0","Fin de journée",12
12730,"2024-05-08 04:34:41.0","2024-05-08 18:49:43.0","Fin de journée",12
2126,"2024-05-01 07:09:57.0","2024-05-01 20:56:35.0","Fin de journée",12
9834,"2024-05-06 10:46:55.0","2024-05-06 20:04:49.0","Fin de journée",12
7754,"2024-05-05 08:58:41.0","2024-05-05 19:29:21.0","Fin de journée",12
3594,"2024-05-02 01:41:04.0","2024-05-02 16:50:16.0","Fin de journée",12
6612,"2024-05-04 03:30:49.0","2024-05-04 19:24:53.0","Fin de journée",12
9752,"2024-05-06 08:40:52.0","2024-05-06 13:13:08.0","Fin de journée",12
25,"2024-04-29 05:20:14.0","2024-04-29 17:50:56.0","Fin de journée",12
1228,"2024-04-30 02:40:15.0","2024-04-30 18:16:01.0","Fin de journée",12
5653,"2024-05-03 10:19:16.0","2024-05-03 16:30:20.0","Fin de journée",12
3573,"2024-05-02 05:56:22.0","2024-05-02 20:03:01.0","Fin de journée",12
6591,"2024-05-04 06:58:51.0","2024-05-04 17:51:28.0","Fin de journée",12
11811,"2024-05-07 05:23:21.0","2024-05-07 16:13:13.0","Fin de journée",12
12749,"2024-05-08 04:49:09.0","2024-05-08 16:08:25.0","Fin de journée",12
5571,"2024-05-03 10:01:07.0","2024-05-03 17:29:12.0","Fin de journée",12
4,"2024-04-29 09:17:17.0","2024-04-29 14:34:40.0","Fin de journée",12
1207,"2024-04-30 05:45:09.0","2024-04-30 16:09:17.0","Fin de journée",12
6570,"2024-05-04 06:50:24.0","2024-05-04 16:32:10.0","Fin de journée",12
7773,"2024-05-05 01:48:30.0","2024-05-05 22:21:05.0","Fin de journée",12
11790,"2024-05-07 00:08:59.0","2024-05-07 19:20:54.0","Fin de journée",12
12728,"2024-05-08 07:31:47.0","2024-05-08 20:06:28.0","Fin de journée",12
2124,"2024-05-01 06:48:15.0","2024-05-01 19:33:27.0","Fin de journée",12
44,"2024-04-29 04:47:32.0","2024-04-29 18:33:52.0","Fin de journée",12
1247,"2024-04-30 00:40:03.0","2024-04-30 20:18:28.0","Fin de journée",12
7752,"2024-05-05 10:39:46.0","2024-05-05 14:54:57.0","Fin de journée",12
3592,"2024-05-02 10:42:33.0","2024-05-02 15:53:11.0","Fin de journée",12
6610,"2024-05-04 09:25:31.0","2024-05-04 18:30:37.0","Fin de journée",12
9750,"2024-05-06 09:51:26.0","2024-05-06 13:03:55.0","Fin de journée",12
23,"2024-04-29 04:52:15.0","2024-04-29 18:50:36.0","Fin de journée",12
1226,"2024-04-30 10:29:26.0","2024-04-30 16:59:26.0","Fin de journée",12
3571,"2024-05-02 07:53:17.0","2024-05-02 20:51:07.0","Fin de journée",12
6589,"2024-05-04 08:23:27.0","2024-05-04 22:05:36.0","Fin de journée",12
11809,"2024-05-07 06:58:02.0","2024-05-07 23:46:26.0","Fin de journée",12
12747,"2024-05-08 08:53:30.0","2024-05-08 21:32:11.0","Fin de journée",12
5569,"2024-05-03 10:18:08.0","2024-05-03 17:21:13.0","Fin de journée",12
2,"2024-04-29 03:22:47.0","2024-04-29 13:47:06.0","Fin de journée",12
1205,"2024-04-30 00:21:05.0","2024-04-30 14:03:49.0","Fin de journée",12
2143,"2024-05-01 07:06:26.0","2024-05-01 15:30:16.0","Fin de journée",12
7771,"2024-05-05 05:36:25.0","2024-05-05 17:17:52.0","Fin de journée",12
6629,"2024-05-04 00:44:52.0","2024-05-04 21:44:57.0","Fin de journée",12
12726,"2024-05-08 05:56:39.0","2024-05-08 21:42:18.0","Fin de journée",12
9769,"2024-05-06 00:58:20.0","2024-05-06 22:05:32.0","Fin de journée",12
7689,"2024-05-05 05:30:08.0","2024-05-05 15:45:52.0","Fin de journée",12
2122,"2024-05-01 07:32:56.0","2024-05-01 19:16:45.0","Fin de journée",12
42,"2024-04-29 08:24:53.0","2024-04-29 21:22:17.0","Fin de journée",12
1245,"2024-04-30 07:43:13.0","2024-04-30 18:06:22.0","Fin de journée",12
3590,"2024-05-02 04:51:56.0","2024-05-02 23:22:17.0","Fin de journée",12
6608,"2024-05-04 10:29:23.0","2024-05-04 21:59:44.0","Fin de journée",12
9748,"2024-05-06 08:34:30.0","2024-05-06 22:20:52.0","Fin de journée",12
12766,"2024-05-08 02:32:59.0","2024-05-08 16:56:49.0","Fin de journée",12
5588,"2024-05-03 05:01:47.0","2024-05-03 18:59:48.0","Fin de journée",12
21,"2024-04-29 07:35:20.0","2024-04-29 21:57:21.0","Fin de journée",12
3508,"2024-05-02 00:07:29.0","2024-05-02 16:18:03.0","Fin de journée",12
1224,"2024-04-30 01:46:49.0","2024-04-30 13:53:04.0","Fin de journée",12
2162,"2024-05-01 04:13:03.0","2024-05-01 15:29:53.0","Fin de journée",12
6587,"2024-05-04 06:36:05.0","2024-05-04 15:12:45.0","Fin de journée",12
6648,"2024-05-04 01:08:09.0","2024-05-04 21:59:51.0","Fin de journée",12
12745,"2024-05-08 02:11:27.0","2024-05-08 23:02:38.0","Fin de journée",12
5567,"2024-05-03 05:23:50.0","2024-05-03 20:44:41.0","Fin de journée",12
12806,"2024-05-08 01:49:55.0","2024-05-08 22:26:41.0","Fin de journée",12
7708,"2024-05-05 08:33:09.0","2024-05-05 20:28:24.0","Fin de journée",12
5628,"2024-05-03 02:34:23.0","2024-05-03 21:55:53.0","Fin de journée",12
3548,"2024-05-02 05:22:28.0","2024-05-02 23:27:22.0","Fin de journée",12
7769,"2024-05-05 08:15:55.0","2024-05-05 16:48:33.0","Fin de journée",12
2202,"2024-05-01 01:14:26.0","2024-05-01 16:08:37.0","Fin de journée",12
11786,"2024-05-07 07:10:34.0","2024-05-07 19:19:46.0","Fin de journée",12
3527,"2024-05-02 08:28:50.0","2024-05-02 14:17:11.0","Fin de journée",12
9828,"2024-05-06 09:05:14.0","2024-05-06 16:37:05.0","Fin de journée",12
7748,"2024-05-05 05:03:10.0","2024-05-05 14:45:23.0","Fin de journée",12
2181,"2024-05-01 01:23:02.0","2024-05-01 18:26:01.0","Fin de journée",12
3588,"2024-05-02 06:34:52.0","2024-05-02 17:16:26.0","Fin de journée",12
11765,"2024-05-07 01:30:35.0","2024-05-07 14:31:25.0","Fin de journée",12
6667,"2024-05-04 07:05:09.0","2024-05-04 15:24:02.0","Fin de journée",12
9807,"2024-05-06 07:48:50.0","2024-05-06 13:16:15.0","Fin de journée",12
7727,"2024-05-05 01:23:34.0","2024-05-05 15:59:42.0","Fin de journée",12
5647,"2024-05-03 08:55:13.0","2024-05-03 21:16:49.0","Fin de journée",12
3567,"2024-05-02 01:27:01.0","2024-05-02 14:35:02.0","Fin de journée",12
6585,"2024-05-04 04:30:53.0","2024-05-04 14:43:01.0","Fin de journée",12
11805,"2024-05-07 04:27:14.0","2024-05-07 21:44:13.0","Fin de journée",12
1201,"2024-04-30 07:39:27.0","2024-04-30 16:46:07.0","Fin de journée",12
12804,"2024-05-08 09:50:33.0","2024-05-08 18:09:26.0","Fin de journée",12
5626,"2024-05-03 01:21:58.0","2024-05-03 20:25:26.0","Fin de journée",12
3546,"2024-05-02 10:16:23.0","2024-05-02 13:39:20.0","Fin de journée",12
7767,"2024-05-05 00:49:19.0","2024-05-05 17:34:58.0","Fin de journée",12
2200,"2024-05-01 06:53:32.0","2024-05-01 14:10:01.0","Fin de journée",12
11784,"2024-05-07 09:27:53.0","2024-05-07 22:51:55.0","Fin de journée",12
12722,"2024-05-08 09:14:44.0","2024-05-08 18:45:12.0","Fin de journée",12
9826,"2024-05-06 08:08:57.0","2024-05-06 18:16:32.0","Fin de journée",12
7746,"2024-05-05 04:21:21.0","2024-05-05 13:56:35.0","Fin de journée",12
99,"2024-04-29 01:58:24.0","2024-04-29 15:46:39.0","Fin de journée",12
3586,"2024-05-02 09:35:59.0","2024-05-02 19:58:28.0","Fin de journée",12
11763,"2024-05-07 10:28:04.0","2024-05-07 17:36:37.0","Fin de journée",12
11824,"2024-05-07 03:12:45.0","2024-05-07 20:31:04.0","Fin de journée",12
17,"2024-04-29 07:33:42.0","2024-04-29 15:22:47.0","Fin de journée",12
1220,"2024-04-30 00:48:24.0","2024-04-30 20:08:51.0","Fin de journée",12
5645,"2024-05-03 02:27:57.0","2024-05-03 21:25:51.0","Fin de journée",12
3565,"2024-05-02 03:47:16.0","2024-05-02 20:11:12.0","Fin de journée",12
6583,"2024-05-04 01:11:35.0","2024-05-04 19:31:25.0","Fin de journée",12
11803,"2024-05-07 10:27:54.0","2024-05-07 16:29:48.0","Fin de journée",12
1199,"2024-04-30 08:49:59.0","2024-04-30 20:31:46.0","Fin de journée",12
3544,"2024-05-02 02:51:18.0","2024-05-02 22:24:26.0","Fin de journée",12
7765,"2024-05-05 04:14:23.0","2024-05-05 16:23:35.0","Fin de journée",12
11782,"2024-05-07 10:54:02.0","2024-05-07 13:46:02.0","Fin de journée",12
12720,"2024-05-08 06:10:27.0","2024-05-08 17:55:45.0","Fin de journée",12
2116,"2024-05-01 07:28:55.0","2024-05-01 14:36:17.0","Fin de journée",12
7744,"2024-05-05 02:50:16.0","2024-05-05 17:16:55.0","Fin de journée",12
3584,"2024-05-02 01:27:55.0","2024-05-02 17:52:22.0","Fin de journée",12
6602,"2024-05-04 04:15:58.0","2024-05-04 16:02:28.0","Fin de journée",12
11822,"2024-05-07 04:33:42.0","2024-05-07 17:32:54.0","Fin de journée",12
15,"2024-04-29 07:47:47.0","2024-04-29 19:46:17.0","Fin de journée",12
1218,"2024-04-30 02:36:49.0","2024-04-30 18:58:27.0","Fin de journée",12
3563,"2024-05-02 06:03:57.0","2024-05-02 13:39:45.0","Fin de journée",12
6581,"2024-05-04 02:27:41.0","2024-05-04 23:20:51.0","Fin de journée",12
11801,"2024-05-07 02:33:40.0","2024-05-07 23:44:08.0","Fin de journée",12
12739,"2024-05-08 01:20:35.0","2024-05-08 13:37:24.0","Fin de journée",12
1197,"2024-04-30 01:10:20.0","2024-04-30 17:06:27.0","Fin de journée",12
2135,"2024-05-01 01:01:32.0","2024-05-01 23:49:58.0","Fin de journée",12
9843,"2024-05-06 00:59:30.0","2024-05-06 20:17:01.0","Fin de journée",12
7763,"2024-05-05 05:44:59.0","2024-05-05 15:47:37.0","Fin de journée",12
3603,"2024-05-02 07:23:15.0","2024-05-02 22:32:45.0","Fin de journée",12
6621,"2024-05-04 02:46:24.0","2024-05-04 13:34:41.0","Fin de journée",12
12718,"2024-05-08 04:39:27.0","2024-05-08 22:14:49.0","Fin de journée",12
9761,"2024-05-06 08:35:15.0","2024-05-06 23:46:32.0","Fin de journée",12
34,"2024-04-29 02:22:44.0","2024-04-29 19:38:55.0","Fin de journée",12
1237,"2024-04-30 02:37:20.0","2024-04-30 22:55:48.0","Fin de journée",12
3582,"2024-05-02 03:57:12.0","2024-05-02 18:39:46.0","Fin de journée",12
6600,"2024-05-04 10:34:07.0","2024-05-04 18:34:47.0","Fin de journée",12
11820,"2024-05-07 03:35:07.0","2024-05-07 21:52:39.0","Fin de journée",12
12758,"2024-05-08 05:50:03.0","2024-05-08 17:05:48.0","Fin de journée",12
5580,"2024-05-03 05:01:25.0","2024-05-03 16:03:44.0","Fin de journée",12
13,"2024-04-29 02:45:13.0","2024-04-29 17:21:30.0","Fin de journée",12
1216,"2024-04-30 10:49:04.0","2024-04-30 19:47:12.0","Fin de journée",12
6579,"2024-05-04 07:14:45.0","2024-05-04 20:42:30.0","Fin de journée",12
11799,"2024-05-07 07:41:59.0","2024-05-07 22:11:19.0","Fin de journée",12
12737,"2024-05-08 10:15:48.0","2024-05-08 17:23:42.0","Fin de journée",12
1195,"2024-04-30 06:13:40.0","2024-04-30 15:49:11.0","Fin de journée",12
2133,"2024-05-01 07:53:23.0","2024-05-01 18:16:12.0","Fin de journée",12
53,"2024-04-29 05:26:21.0","2024-04-29 21:51:25.0","Fin de journée",12
1256,"2024-04-30 10:08:31.0","2024-04-30 21:46:50.0","Fin de journée",12
7761,"2024-05-05 07:18:55.0","2024-05-05 17:30:38.0","Fin de journée",12
3601,"2024-05-02 02:36:11.0","2024-05-02 16:35:39.0","Fin de journée",12
6619,"2024-05-04 02:48:08.0","2024-05-04 21:40:38.0","Fin de journée",12
12716,"2024-05-08 07:14:46.0","2024-05-08 17:55:03.0","Fin de journée",12
9759,"2024-05-06 01:50:01.0","2024-05-06 15:02:30.0","Fin de journée",12
32,"2024-04-29 02:05:11.0","2024-04-29 15:29:39.0","Fin de journée",12
1235,"2024-04-30 01:57:33.0","2024-04-30 17:20:21.0","Fin de journée",12
3580,"2024-05-02 07:30:38.0","2024-05-02 20:37:10.0","Fin de journée",12
6598,"2024-05-04 05:16:57.0","2024-05-04 20:19:37.0","Fin de journée",12
11818,"2024-05-07 08:04:48.0","2024-05-07 21:04:10.0","Fin de journée",12
12756,"2024-05-08 00:50:56.0","2024-05-08 17:49:45.0","Fin de journée",12
5578,"2024-05-03 00:55:18.0","2024-05-03 18:39:12.0","Fin de journée",12
11,"2024-04-29 00:36:27.0","2024-04-29 19:23:34.0","Fin de journée",12
1214,"2024-04-30 00:32:16.0","2024-04-30 13:53:43.0","Fin de journée",12
2152,"2024-05-01 01:05:26.0","2024-05-01 13:36:36.0","Fin de journée",12
6577,"2024-05-04 01:09:15.0","2024-05-04 14:16:43.0","Fin de journée",12
7780,"2024-05-05 09:15:28.0","2024-05-05 13:49:19.0","Fin de journée",12
6638,"2024-05-04 00:12:02.0","2024-05-04 16:30:47.0","Fin de journée",12
12735,"2024-05-08 03:03:22.0","2024-05-08 18:25:33.0","Fin de journée",12
9778,"2024-05-06 10:23:42.0","2024-05-06 18:28:50.0","Fin de journée",12
7698,"2024-05-05 10:15:49.0","2024-05-05 18:12:25.0","Fin de journée",12
2131,"2024-05-01 04:17:02.0","2024-05-01 19:57:38.0","Fin de journée",12
51,"2024-04-29 10:04:41.0","2024-04-29 15:21:22.0","Fin de journée",12
1254,"2024-04-30 03:36:22.0","2024-04-30 23:36:02.0","Fin de journée",12
3599,"2024-05-02 01:59:39.0","2024-05-02 13:04:12.0","Fin de journée",12
6617,"2024-05-04 08:28:28.0","2024-05-04 16:33:16.0","Fin de journée",12
12714,"2024-05-08 04:13:24.0","2024-05-08 17:06:38.0","Fin de journée",12
9757,"2024-05-06 03:11:27.0","2024-05-06 20:05:54.0","Fin de journée",12
12775,"2024-05-08 04:09:54.0","2024-05-08 16:43:34.0","Fin de journée",12
5597,"2024-05-03 02:27:25.0","2024-05-03 14:16:04.0","Fin de journée",12
30,"2024-04-29 07:59:53.0","2024-04-29 17:03:48.0","Fin de journée",12
3517,"2024-05-02 07:29:29.0","2024-05-02 20:46:03.0","Fin de journée",12
1233,"2024-04-30 03:25:29.0","2024-04-30 15:35:11.0","Fin de journée",12
2171,"2024-05-01 04:57:07.0","2024-05-01 13:08:38.0","Fin de journée",12
6596,"2024-05-04 01:41:40.0","2024-05-04 19:41:19.0","Fin de journée",12
6657,"2024-05-04 03:10:42.0","2024-05-04 15:52:23.0","Fin de journée",12
12754,"2024-05-08 02:16:41.0","2024-05-08 13:51:26.0","Fin de journée",12
5576,"2024-05-03 00:51:53.0","2024-05-03 13:01:11.0","Fin de journée",12
9,"2024-04-29 04:51:36.0","2024-04-29 13:30:34.0","Fin de journée",12
1212,"2024-04-30 10:25:46.0","2024-04-30 14:04:18.0","Fin de journée",12
9797,"2024-05-06 10:16:13.0","2024-05-06 15:46:48.0","Fin de journée",12
2150,"2024-05-01 04:46:35.0","2024-05-01 13:51:06.0","Fin de journée",12
70,"2024-04-29 10:45:42.0","2024-04-29 13:06:47.0","Fin de journée",12
1273,"2024-04-30 09:03:21.0","2024-04-30 18:21:51.0","Fin de journée",12
11734,"2024-05-07 01:45:51.0","2024-05-07 19:26:45.0","Fin de journée",12
6636,"2024-05-04 09:51:05.0","2024-05-04 13:53:06.0","Fin de journée",12
12733,"2024-05-08 02:09:02.0","2024-05-08 15:16:03.0","Fin de journée",12
9776,"2024-05-06 05:31:11.0","2024-05-06 16:06:38.0","Fin de journée",12
12794,"2024-05-08 00:07:25.0","2024-05-08 19:44:07.0","Fin de journée",12
7696,"2024-05-05 10:10:52.0","2024-05-05 20:10:26.0","Fin de journée",12
2129,"2024-05-01 02:31:36.0","2024-05-01 16:06:11.0","Fin de journée",12
5616,"2024-05-03 07:21:27.0","2024-05-03 15:04:27.0","Fin de journée",12
49,"2024-04-29 05:28:57.0","2024-04-29 21:48:05.0","Fin de journée",12
1252,"2024-04-30 05:08:39.0","2024-04-30 20:48:10.0","Fin de journée",12
6615,"2024-05-04 06:45:16.0","2024-05-04 21:34:12.0","Fin de journée",12
9755,"2024-05-06 07:44:11.0","2024-05-06 14:26:50.0","Fin de journée",12
12773,"2024-05-08 01:20:36.0","2024-05-08 20:30:30.0","Fin de journée",12
5595,"2024-05-03 09:05:01.0","2024-05-03 21:14:08.0","Fin de journée",12
28,"2024-04-29 08:38:03.0","2024-04-29 22:32:57.0","Fin de journée",12
3515,"2024-05-02 07:04:49.0","2024-05-02 14:53:45.0","Fin de journée",12
1231,"2024-04-30 00:49:17.0","2024-04-30 16:41:43.0","Fin de journée",12
2169,"2024-05-01 02:47:25.0","2024-05-01 13:45:50.0","Fin de journée",12
89,"2024-04-29 07:58:20.0","2024-04-29 13:33:06.0","Fin de journée",12
11753,"2024-05-07 02:31:47.0","2024-05-07 16:16:12.0","Fin de journée",12
6655,"2024-05-04 00:29:06.0","2024-05-04 23:09:12.0","Fin de journée",12
12752,"2024-05-08 07:01:21.0","2024-05-08 15:41:24.0","Fin de journée",12
5574,"2024-05-03 04:14:56.0","2024-05-03 13:17:13.0","Fin de journée",12
9795,"2024-05-06 08:30:04.0","2024-05-06 22:59:29.0","Fin de journée",12
7715,"2024-05-05 00:51:52.0","2024-05-05 19:17:09.0","Fin de journée",12
2148,"2024-05-01 00:38:48.0","2024-05-01 13:05:51.0","Fin de journée",12
68,"2024-04-29 05:57:44.0","2024-04-29 15:12:43.0","Fin de journée",12
1271,"2024-04-30 02:05:30.0","2024-04-30 16:35:48.0","Fin de journée",12
11732,"2024-05-07 01:35:08.0","2024-05-07 14:14:38.0","Fin de journée",12
6634,"2024-05-04 10:02:29.0","2024-05-04 21:10:46.0","Fin de journée",12
9774,"2024-05-06 00:50:45.0","2024-05-06 20:22:33.0","Fin de journée",12
12792,"2024-05-08 05:13:19.0","2024-05-08 19:38:55.0","Fin de journée",12
7694,"2024-05-05 01:39:55.0","2024-05-05 23:56:07.0","Fin de journée",12
2127,"2024-05-01 03:07:50.0","2024-05-01 22:09:50.0","Fin de journée",12
5614,"2024-05-03 08:49:50.0","2024-05-03 13:38:32.0","Fin de journée",12
47,"2024-04-29 00:31:15.0","2024-04-29 22:49:10.0","Fin de journée",12
3534,"2024-05-02 10:14:29.0","2024-05-02 21:21:28.0","Fin de journée",12
1250,"2024-04-30 07:53:32.0","2024-04-30 20:39:28.0","Fin de journée",12
2188,"2024-05-01 04:58:35.0","2024-05-01 20:41:33.0","Fin de journée",12
6613,"2024-05-04 04:14:03.0","2024-05-04 17:32:08.0","Fin de journée",12
9753,"2024-05-06 05:48:58.0","2024-05-06 19:07:11.0","Fin de journée",12
12771,"2024-05-08 10:59:51.0","2024-05-08 22:13:14.0","Fin de journée",12
5593,"2024-05-03 09:56:30.0","2024-05-03 14:38:10.0","Fin de journée",12
3513,"2024-05-02 05:52:52.0","2024-05-02 21:33:46.0","Fin de journée",12
9814,"2024-05-06 01:24:20.0","2024-05-06 23:13:19.0","Fin de journée",12
2167,"2024-05-01 01:51:26.0","2024-05-01 17:33:51.0","Fin de journée",12
87,"2024-04-29 07:57:02.0","2024-04-29 20:58:46.0","Fin de journée",12
1290,"2024-04-30 09:30:16.0","2024-04-30 19:56:45.0","Fin de journée",12
11751,"2024-05-07 03:47:40.0","2024-05-07 16:22:04.0","Fin de journée",12
6653,"2024-05-04 06:44:42.0","2024-05-04 21:25:04.0","Fin de journée",12
12750,"2024-05-08 04:09:36.0","2024-05-08 15:36:02.0","Fin de journée",12
5572,"2024-05-03 05:13:57.0","2024-05-03 15:19:21.0","Fin de journée",12
9793,"2024-05-06 07:38:06.0","2024-05-06 15:31:27.0","Fin de journée",12
12811,"2024-05-08 03:13:54.0","2024-05-08 14:46:22.0","Fin de journée",12
7713,"2024-05-05 05:25:41.0","2024-05-05 22:52:27.0","Fin de journée",12
2146,"2024-05-01 10:11:28.0","2024-05-01 23:59:10.0","Fin de journée",12
5633,"2024-05-03 00:31:25.0","2024-05-03 23:26:39.0","Fin de journée",12
66,"2024-04-29 06:36:49.0","2024-04-29 15:59:55.0","Fin de journée",12
1269,"2024-04-30 00:53:50.0","2024-04-30 13:53:28.0","Fin de journée",12
2207,"2024-05-01 07:51:02.0","2024-05-01 15:25:48.0","Fin de journée",12
11730,"2024-05-07 07:33:25.0","2024-05-07 16:02:21.0","Fin de journée",12
6632,"2024-05-04 03:32:41.0","2024-05-04 17:10:40.0","Fin de journée",12
9772,"2024-05-06 07:10:33.0","2024-05-06 16:53:14.0","Fin de journée",12
12790,"2024-05-08 06:11:36.0","2024-05-08 18:18:49.0","Fin de journée",12
7692,"2024-05-05 03:36:14.0","2024-05-05 16:36:43.0","Fin de journée",12
5612,"2024-05-03 02:16:22.0","2024-05-03 22:54:54.0","Fin de journée",12
45,"2024-04-29 03:01:20.0","2024-04-29 22:30:24.0","Fin de journée",12
3532,"2024-05-02 08:08:35.0","2024-05-02 21:43:51.0","Fin de journée",12
1248,"2024-04-30 10:18:48.0","2024-04-30 22:15:41.0","Fin de journée",12
9833,"2024-05-06 01:08:36.0","2024-05-06 15:39:22.0","Fin de journée",12
2186,"2024-05-01 08:26:24.0","2024-05-01 13:23:34.0","Fin de journée",12
11770,"2024-05-07 06:01:06.0","2024-05-07 16:47:41.0","Fin de journée",12
12769,"2024-05-08 01:35:23.0","2024-05-08 22:53:40.0","Fin de journée",12
5591,"2024-05-03 08:53:56.0","2024-05-03 17:40:48.0","Fin de journée",12
3511,"2024-05-02 00:08:56.0","2024-05-02 22:52:52.0","Fin de journée",12
9812,"2024-05-06 06:09:17.0","2024-05-06 16:36:43.0","Fin de journée",12
7732,"2024-05-05 09:13:11.0","2024-05-05 20:33:33.0","Fin de journée",12
2165,"2024-05-01 08:27:10.0","2024-05-01 21:39:24.0","Fin de journée",12
5652,"2024-05-03 05:25:43.0","2024-05-03 20:42:50.0","Fin de journée",12
85,"2024-04-29 00:57:34.0","2024-04-29 20:16:17.0","Fin de journée",12
1288,"2024-04-30 08:49:19.0","2024-04-30 22:13:29.0","Fin de journée",12
11749,"2024-05-07 07:34:46.0","2024-05-07 17:01:52.0","Fin de journée",12
6651,"2024-05-04 07:08:40.0","2024-05-04 13:30:12.0","Fin de journée",12
9791,"2024-05-06 04:04:44.0","2024-05-06 22:37:37.0","Fin de journée",12
12809,"2024-05-08 07:48:12.0","2024-05-08 23:46:05.0","Fin de journée",12
7711,"2024-05-05 01:42:05.0","2024-05-05 22:42:14.0","Fin de journée",12
5631,"2024-05-03 07:47:35.0","2024-05-03 18:03:27.0","Fin de journée",12
64,"2024-04-29 10:37:48.0","2024-04-29 22:16:04.0","Fin de journée",12
3551,"2024-05-02 08:01:26.0","2024-05-02 15:18:21.0","Fin de journée",12
1267,"2024-04-30 02:01:11.0","2024-04-30 22:33:52.0","Fin de journée",12
2205,"2024-05-01 03:13:05.0","2024-05-01 21:08:30.0","Fin de journée",12
11728,"2024-05-07 01:18:49.0","2024-05-07 22:15:52.0","Fin de journée",12
11789,"2024-05-07 08:20:17.0","2024-05-07 15:45:35.0","Fin de journée",12
12788,"2024-05-08 08:35:17.0","2024-05-08 21:19:47.0","Fin de journée",12
7690,"2024-05-05 00:30:46.0","2024-05-05 15:42:08.0","Fin de journée",12
5610,"2024-05-03 04:48:53.0","2024-05-03 21:51:57.0","Fin de journée",12
3530,"2024-05-02 06:22:14.0","2024-05-02 13:53:39.0","Fin de journée",12
9831,"2024-05-06 00:09:56.0","2024-05-06 22:39:44.0","Fin de journée",12
7751,"2024-05-05 09:46:58.0","2024-05-05 19:44:14.0","Fin de journée",12
2184,"2024-05-01 03:26:37.0","2024-05-01 19:38:22.0","Fin de journée",12
11768,"2024-05-07 10:17:51.0","2024-05-07 23:06:41.0","Fin de journée",12
3509,"2024-05-02 10:31:02.0","2024-05-02 20:17:30.0","Fin de journée",12
9810,"2024-05-06 00:44:50.0","2024-05-06 19:30:01.0","Fin de journée",12
7730,"2024-05-05 05:25:45.0","2024-05-05 16:37:09.0","Fin de journée",12
2163,"2024-05-01 06:43:44.0","2024-05-01 21:02:49.0","Fin de journée",12
5650,"2024-05-03 08:59:41.0","2024-05-03 17:10:52.0","Fin de journée",12
83,"2024-04-29 00:35:55.0","2024-04-29 17:49:49.0","Fin de journée",12
3570,"2024-05-02 00:21:33.0","2024-05-02 19:21:10.0","Fin de journée",12
1286,"2024-04-30 08:22:55.0","2024-04-30 15:03:09.0","Fin de journée",12
11747,"2024-05-07 00:18:56.0","2024-05-07 14:40:01.0","Fin de journée",12
6649,"2024-05-04 02:46:04.0","2024-05-04 21:25:30.0","Fin de journée",12
9789,"2024-05-06 00:22:43.0","2024-05-06 20:28:40.0","Fin de journée",12
12807,"2024-05-08 05:28:34.0","2024-05-08 19:17:39.0","Fin de journée",12
7709,"2024-05-05 05:21:12.0","2024-05-05 17:43:23.0","Fin de journée",12
5629,"2024-05-03 04:22:58.0","2024-05-03 17:41:58.0","Fin de journée",12
3549,"2024-05-02 07:38:56.0","2024-05-02 19:52:51.0","Fin de journée",12
2203,"2024-05-01 04:29:31.0","2024-05-01 18:53:26.0","Fin de journée",12
11787,"2024-05-07 10:03:31.0","2024-05-07 19:34:11.0","Fin de journée",12
12786,"2024-05-08 01:29:24.0","2024-05-08 23:55:41.0","Fin de journée",12
5608,"2024-05-03 01:25:32.0","2024-05-03 23:10:51.0","Fin de journée",12
3528,"2024-05-02 00:38:23.0","2024-05-02 21:13:37.0","Fin de journée",12
9829,"2024-05-06 06:15:07.0","2024-05-06 22:26:23.0","Fin de journée",12
7749,"2024-05-05 04:20:51.0","2024-05-05 13:19:35.0","Fin de journée",12
2182,"2024-05-01 07:29:13.0","2024-05-01 18:42:22.0","Fin de journée",12
11766,"2024-05-07 04:42:06.0","2024-05-07 15:18:27.0","Fin de journée",12
6668,"2024-05-04 02:36:58.0","2024-05-04 14:02:50.0","Fin de journée",12
9808,"2024-05-06 07:38:24.0","2024-05-06 23:19:45.0","Fin de journée",12
7728,"2024-05-05 02:07:10.0","2024-05-05 17:27:41.0","Fin de journée",12
5648,"2024-05-03 05:42:57.0","2024-05-03 18:22:13.0","Fin de journée",12
81,"2024-04-29 07:07:59.0","2024-04-29 20:06:57.0","Fin de journée",12
3568,"2024-05-02 09:09:21.0","2024-05-02 13:44:57.0","Fin de journée",12
1284,"2024-04-30 02:38:35.0","2024-04-30 22:27:54.0","Fin de journée",12
11745,"2024-05-07 01:54:33.0","2024-05-07 20:58:45.0","Fin de journée",12
11806,"2024-05-07 08:13:19.0","2024-05-07 14:55:46.0","Fin de journée",12
1202,"2024-04-30 00:35:49.0","2024-04-30 17:11:25.0","Fin de journée",12
12805,"2024-05-08 06:15:57.0","2024-05-08 23:13:22.0","Fin de journée",12
5627,"2024-05-03 10:29:23.0","2024-05-03 18:39:11.0","Fin de journée",12
3547,"2024-05-02 04:23:17.0","2024-05-02 15:26:22.0","Fin de journée",12
7768,"2024-05-05 07:30:58.0","2024-05-05 20:54:49.0","Fin de journée",12
2201,"2024-05-01 01:22:03.0","2024-05-01 19:52:03.0","Fin de journée",12
11785,"2024-05-07 06:55:31.0","2024-05-07 14:55:26.0","Fin de journée",12
9827,"2024-05-06 00:55:56.0","2024-05-06 21:29:41.0","Fin de journée",12
7747,"2024-05-05 03:47:39.0","2024-05-05 23:01:19.0","Fin de journée",12
100,"2024-04-29 04:45:10.0","2024-04-29 23:27:50.0","Fin de journée",12
3587,"2024-05-02 05:40:59.0","2024-05-02 16:12:28.0","Fin de journée",12
11764,"2024-05-07 02:32:43.0","2024-05-07 14:31:11.0","Fin de journée",12
11825,"2024-05-07 08:48:43.0","2024-05-07 20:16:48.0","Fin de journée",12
7726,"2024-05-05 09:37:46.0","2024-05-05 18:29:51.0","Fin de journée",12
5646,"2024-05-03 07:06:19.0","2024-05-03 23:47:57.0","Fin de journée",12
3566,"2024-05-02 08:59:24.0","2024-05-02 21:09:39.0","Fin de journée",12
6584,"2024-05-04 09:23:13.0","2024-05-04 14:07:14.0","Fin de journée",12
11804,"2024-05-07 02:25:04.0","2024-05-07 19:20:44.0","Fin de journée",12
1200,"2024-04-30 08:14:31.0","2024-04-30 19:15:13.0","Fin de journée",12
3545,"2024-05-02 00:50:45.0","2024-05-02 18:38:42.0","Fin de journée",12
7766,"2024-05-05 06:52:41.0","2024-05-05 15:18:24.0","Fin de journée",12
2199,"2024-05-01 08:34:33.0","2024-05-01 13:20:35.0","Fin de journée",12
11783,"2024-05-07 01:25:26.0","2024-05-07 14:35:48.0","Fin de journée",12
12721,"2024-05-08 04:31:35.0","2024-05-08 19:55:30.0","Fin de journée",12
2117,"2024-05-01 00:32:11.0","2024-05-01 17:13:57.0","Fin de journée",12
9825,"2024-05-06 01:16:05.0","2024-05-06 15:38:50.0","Fin de journée",12
7745,"2024-05-05 00:54:56.0","2024-05-05 15:12:06.0","Fin de journée",12
3585,"2024-05-02 01:13:45.0","2024-05-02 21:14:08.0","Fin de journée",12
6603,"2024-05-04 10:57:16.0","2024-05-04 16:07:39.0","Fin de journée",12
11823,"2024-05-07 00:01:33.0","2024-05-07 17:28:35.0","Fin de journée",12
16,"2024-04-29 06:04:50.0","2024-04-29 16:31:08.0","Fin de journée",12
1219,"2024-04-30 09:35:41.0","2024-04-30 13:59:49.0","Fin de journée",12
5644,"2024-05-03 05:31:35.0","2024-05-03 22:02:01.0","Fin de journée",12
3564,"2024-05-02 09:25:03.0","2024-05-02 13:41:50.0","Fin de journée",12
6582,"2024-05-04 05:58:13.0","2024-05-04 19:55:35.0","Fin de journée",12
11802,"2024-05-07 04:57:39.0","2024-05-07 19:30:43.0","Fin de journée",12
12740,"2024-05-08 02:05:55.0","2024-05-08 21:46:55.0","Fin de journée",12
5562,"2024-05-03 03:41:20.0","2024-05-03 17:39:03.0","Fin de journée",12
1198,"2024-04-30 06:43:13.0","2024-04-30 18:07:46.0","Fin de journée",12
7764,"2024-05-05 01:10:17.0","2024-05-05 13:30:10.0","Fin de journée",12
3604,"2024-05-02 06:29:44.0","2024-05-02 22:17:38.0","Fin de journée",12
11781,"2024-05-07 06:43:30.0","2024-05-07 17:50:51.0","Fin de journée",12
12719,"2024-05-08 04:34:43.0","2024-05-08 15:21:40.0","Fin de journée",12
35,"2024-04-29 04:35:48.0","2024-04-29 23:15:29.0","Fin de journée",12
1238,"2024-04-30 05:18:05.0","2024-04-30 14:42:38.0","Fin de journée",12
7743,"2024-05-05 03:11:53.0","2024-05-05 17:53:01.0","Fin de journée",12
3583,"2024-05-02 00:25:47.0","2024-05-02 16:52:43.0","Fin de journée",12
6601,"2024-05-04 01:36:59.0","2024-05-04 19:43:03.0","Fin de journée",12
11821,"2024-05-07 06:27:34.0","2024-05-07 16:52:53.0","Fin de journée",12
14,"2024-04-29 01:15:25.0","2024-04-29 13:57:08.0","Fin de journée",12
1217,"2024-04-30 02:41:37.0","2024-04-30 21:33:27.0","Fin de journée",12
3562,"2024-05-02 08:32:24.0","2024-05-02 13:16:39.0","Fin de journée",12
6580,"2024-05-04 01:59:22.0","2024-05-04 18:18:24.0","Fin de journée",12
11800,"2024-05-07 02:58:37.0","2024-05-07 21:22:16.0","Fin de journée",12
12738,"2024-05-08 01:39:10.0","2024-05-08 15:55:30.0","Fin de journée",12
1196,"2024-04-30 09:29:49.0","2024-04-30 23:48:57.0","Fin de journée",12
2134,"2024-05-01 07:26:23.0","2024-05-01 14:15:08.0","Fin de journée",12
7762,"2024-05-05 07:52:34.0","2024-05-05 15:34:54.0","Fin de journée",12
3602,"2024-05-02 10:25:07.0","2024-05-02 20:48:19.0","Fin de journée",12
6620,"2024-05-04 02:51:58.0","2024-05-04 21:52:13.0","Fin de journée",12
12717,"2024-05-08 05:08:59.0","2024-05-08 23:16:22.0","Fin de journée",12
9760,"2024-05-06 06:13:21.0","2024-05-06 22:35:45.0","Fin de journée",12
33,"2024-04-29 00:57:48.0","2024-04-29 14:02:57.0","Fin de journée",12
1236,"2024-04-30 03:39:48.0","2024-04-30 19:55:30.0","Fin de journée",12
3581,"2024-05-02 09:40:49.0","2024-05-02 15:25:06.0","Fin de journée",12
6599,"2024-05-04 04:52:56.0","2024-05-04 16:40:01.0","Fin de journée",12
11819,"2024-05-07 00:34:39.0","2024-05-07 14:34:29.0","Fin de journée",12
12757,"2024-05-08 07:56:26.0","2024-05-08 19:39:51.0","Fin de journée",12
5579,"2024-05-03 00:28:17.0","2024-05-03 21:48:09.0","Fin de journée",12
12,"2024-04-29 01:19:14.0","2024-04-29 19:14:18.0","Fin de journée",12
1215,"2024-04-30 01:27:40.0","2024-04-30 15:23:16.0","Fin de journée",12
2153,"2024-05-01 06:16:44.0","2024-05-01 16:51:04.0","Fin de journée",12
6578,"2024-05-04 07:24:29.0","2024-05-04 23:15:54.0","Fin de journée",12
6639,"2024-05-04 04:13:27.0","2024-05-04 14:01:36.0","Fin de journée",12
12736,"2024-05-08 04:47:52.0","2024-05-08 21:06:20.0","Fin de journée",12
9779,"2024-05-06 00:17:30.0","2024-05-06 16:05:08.0","Fin de journée",12
2132,"2024-05-01 08:13:58.0","2024-05-01 16:16:33.0","Fin de journée",12
52,"2024-04-29 00:03:05.0","2024-04-29 22:10:18.0","Fin de journée",12
1255,"2024-04-30 05:18:01.0","2024-04-30 17:52:37.0","Fin de journée",12
3600,"2024-05-02 05:03:09.0","2024-05-02 16:44:33.0","Fin de journée",12
6618,"2024-05-04 02:27:44.0","2024-05-04 18:30:20.0","Fin de journée",12
12715,"2024-05-08 04:13:50.0","2024-05-08 16:23:51.0","Fin de journée",12
9758,"2024-05-06 06:46:34.0","2024-05-06 18:09:48.0","Fin de journée",12
12776,"2024-05-08 05:23:18.0","2024-05-08 18:26:17.0","Fin de journée",12
5598,"2024-05-03 00:22:19.0","2024-05-03 17:37:49.0","Fin de journée",12
31,"2024-04-29 04:09:51.0","2024-04-29 19:24:36.0","Fin de journée",12
1234,"2024-04-30 00:02:25.0","2024-04-30 23:20:48.0","Fin de journée",12
6597,"2024-05-04 08:56:24.0","2024-05-04 21:55:44.0","Fin de journée",12
11817,"2024-05-07 10:10:26.0","2024-05-07 17:59:36.0","Fin de journée",12
12755,"2024-05-08 03:33:19.0","2024-05-08 17:45:37.0","Fin de journée",12
5577,"2024-05-03 10:33:16.0","2024-05-03 22:10:12.0","Fin de journée",12
10,"2024-04-29 05:36:47.0","2024-04-29 21:03:11.0","Fin de journée",12
1213,"2024-04-30 05:29:36.0","2024-04-30 16:46:12.0","Fin de journée",12
2151,"2024-05-01 01:17:27.0","2024-05-01 23:47:28.0","Fin de journée",12
71,"2024-04-29 01:32:58.0","2024-04-29 15:27:32.0","Fin de journée",12
1274,"2024-04-30 08:03:35.0","2024-04-30 16:20:09.0","Fin de journée",12
7779,"2024-05-05 07:30:43.0","2024-05-05 22:46:54.0","Fin de journée",12
11735,"2024-05-07 06:33:27.0","2024-05-07 20:20:39.0","Fin de journée",12
6637,"2024-05-04 10:22:15.0","2024-05-04 22:12:43.0","Fin de journée",12
12734,"2024-05-08 04:47:24.0","2024-05-08 17:28:09.0","Fin de journée",12
9777,"2024-05-06 06:02:34.0","2024-05-06 18:43:17.0","Fin de journée",12
7697,"2024-05-05 04:06:07.0","2024-05-05 19:30:39.0","Fin de journée",12
2130,"2024-05-01 08:32:51.0","2024-05-01 17:42:37.0","Fin de journée",12
50,"2024-04-29 05:46:15.0","2024-04-29 17:12:48.0","Fin de journée",12
1253,"2024-04-30 02:11:20.0","2024-04-30 20:50:31.0","Fin de journée",12
3598,"2024-05-02 06:51:52.0","2024-05-02 20:16:40.0","Fin de journée",12
6616,"2024-05-04 07:38:34.0","2024-05-04 18:32:33.0","Fin de journée",12
9756,"2024-05-06 00:08:16.0","2024-05-06 18:56:26.0","Fin de journée",12
12774,"2024-05-08 01:12:11.0","2024-05-08 14:12:42.0","Fin de journée",12
5596,"2024-05-03 05:43:42.0","2024-05-03 18:55:21.0","Fin de journée",12
29,"2024-04-29 02:31:28.0","2024-04-29 21:47:44.0","Fin de journée",12
3516,"2024-05-02 09:13:26.0","2024-05-02 15:32:35.0","Fin de journée",12
1232,"2024-04-30 03:55:03.0","2024-04-30 15:08:40.0","Fin de journée",12
2170,"2024-05-01 10:14:07.0","2024-05-01 20:23:39.0","Fin de journée",12
6595,"2024-05-04 08:09:02.0","2024-05-04 22:04:24.0","Fin de journée",12
6656,"2024-05-04 07:05:52.0","2024-05-04 19:54:38.0","Fin de journée",12
12753,"2024-05-08 05:45:23.0","2024-05-08 16:32:18.0","Fin de journée",12
5575,"2024-05-03 07:20:28.0","2024-05-03 19:09:34.0","Fin de journée",12
9796,"2024-05-06 00:18:54.0","2024-05-06 23:20:23.0","Fin de journée",12
7716,"2024-05-05 09:11:42.0","2024-05-05 18:23:18.0","Fin de journée",12
2149,"2024-05-01 01:30:03.0","2024-05-01 21:54:25.0","Fin de journée",12
69,"2024-04-29 08:46:47.0","2024-04-29 19:41:09.0","Fin de journée",12
1272,"2024-04-30 02:13:05.0","2024-04-30 20:46:29.0","Fin de journée",12
11733,"2024-05-07 05:13:18.0","2024-05-07 13:15:16.0","Fin de journée",12
6635,"2024-05-04 07:25:40.0","2024-05-04 16:01:46.0","Fin de journée",12
12732,"2024-05-08 03:42:39.0","2024-05-08 17:54:46.0","Fin de journée",12
9775,"2024-05-06 04:16:32.0","2024-05-06 15:18:21.0","Fin de journée",12
12793,"2024-05-08 03:35:07.0","2024-05-08 16:39:40.0","Fin de journée",12
7695,"2024-05-05 06:26:56.0","2024-05-05 23:52:45.0","Fin de journée",12
2128,"2024-05-01 10:56:30.0","2024-05-01 15:47:26.0","Fin de journée",12
5615,"2024-05-03 05:37:59.0","2024-05-03 17:41:26.0","Fin de journée",12
48,"2024-04-29 02:07:34.0","2024-04-29 13:38:55.0","Fin de journée",12
3535,"2024-05-02 04:53:28.0","2024-05-02 16:16:53.0","Fin de journée",12
1251,"2024-04-30 10:05:52.0","2024-04-30 22:34:28.0","Fin de journée",12
2189,"2024-05-01 10:34:57.0","2024-05-01 20:09:44.0","Fin de journée",12
6614,"2024-05-04 04:17:03.0","2024-05-04 17:28:16.0","Fin de journée",12
9754,"2024-05-06 05:48:59.0","2024-05-06 20:40:35.0","Fin de journée",12
12772,"2024-05-08 08:11:34.0","2024-05-08 16:36:41.0","Fin de journée",12
5594,"2024-05-03 07:13:27.0","2024-05-03 20:06:29.0","Fin de journée",12
27,"2024-04-29 07:43:27.0","2024-04-29 13:49:33.0","Fin de journée",12
3514,"2024-05-02 06:59:16.0","2024-05-02 15:37:51.0","Fin de journée",12
1230,"2024-04-30 08:28:25.0","2024-04-30 22:54:26.0","Fin de journée",12
9815,"2024-05-06 04:50:27.0","2024-05-06 22:19:53.0","Fin de journée",12
2168,"2024-05-01 00:19:07.0","2024-05-01 17:13:09.0","Fin de journée",12
88,"2024-04-29 03:08:42.0","2024-04-29 20:40:10.0","Fin de journée",12
1291,"2024-04-30 04:49:37.0","2024-04-30 17:54:38.0","Fin de journée",12
11752,"2024-05-07 09:06:42.0","2024-05-07 21:10:31.0","Fin de journée",12
6654,"2024-05-04 02:29:46.0","2024-05-04 15:59:01.0","Fin de journée",12
12751,"2024-05-08 10:13:23.0","2024-05-08 18:18:54.0","Fin de journée",12
5573,"2024-05-03 02:39:45.0","2024-05-03 17:21:57.0","Fin de journée",12
9794,"2024-05-06 10:10:18.0","2024-05-06 21:41:13.0","Fin de journée",12
12812,"2024-05-08 01:36:30.0","2024-05-08 18:52:24.0","Fin de journée",12
7714,"2024-05-05 04:24:58.0","2024-05-05 15:31:32.0","Fin de journée",12
2147,"2024-05-01 08:14:12.0","2024-05-01 16:13:30.0","Fin de journée",12
5634,"2024-05-03 02:22:52.0","2024-05-03 21:50:43.0","Fin de journée",12
67,"2024-04-29 09:18:21.0","2024-04-29 21:01:08.0","Fin de journée",12
1270,"2024-04-30 00:35:44.0","2024-04-30 20:07:06.0","Fin de journée",12
11731,"2024-05-07 02:13:53.0","2024-05-07 20:49:34.0","Fin de journée",12
6633,"2024-05-04 06:50:19.0","2024-05-04 15:30:55.0","Fin de journée",12
9773,"2024-05-06 03:54:55.0","2024-05-06 21:48:21.0","Fin de journée",12
12791,"2024-05-08 08:30:12.0","2024-05-08 20:41:34.0","Fin de journée",12
7693,"2024-05-05 02:25:38.0","2024-05-05 22:34:21.0","Fin de journée",12
5613,"2024-05-03 06:38:10.0","2024-05-03 21:30:02.0","Fin de journée",12
46,"2024-04-29 08:45:59.0","2024-04-29 23:42:26.0","Fin de journée",12
3533,"2024-05-02 02:26:08.0","2024-05-02 15:56:37.0","Fin de journée",12
1249,"2024-04-30 02:38:11.0","2024-04-30 21:10:11.0","Fin de journée",12
2187,"2024-05-01 02:08:28.0","2024-05-01 19:02:46.0","Fin de journée",12
11771,"2024-05-07 01:11:44.0","2024-05-07 21:08:04.0","Fin de journée",12
12770,"2024-05-08 00:32:24.0","2024-05-08 23:45:31.0","Fin de journée",12
5592,"2024-05-03 03:03:40.0","2024-05-03 20:29:56.0","Fin de journée",12
3512,"2024-05-02 09:40:07.0","2024-05-02 19:38:16.0","Fin de journée",12
9813,"2024-05-06 06:49:21.0","2024-05-06 20:13:40.0","Fin de journée",12
7733,"2024-05-05 03:04:48.0","2024-05-05 18:47:25.0","Fin de journée",12
2166,"2024-05-01 09:50:01.0","2024-05-01 16:09:04.0","Fin de journée",12
86,"2024-04-29 01:35:52.0","2024-04-29 22:01:13.0","Fin de journée",12
1289,"2024-04-30 09:19:25.0","2024-04-30 18:10:54.0","Fin de journée",12
11750,"2024-05-07 09:23:13.0","2024-05-07 15:34:49.0","Fin de journée",12
6652,"2024-05-04 08:38:52.0","2024-05-04 17:57:38.0","Fin de journée",12
9792,"2024-05-06 06:51:55.0","2024-05-06 18:14:05.0","Fin de journée",12
12810,"2024-05-08 10:35:04.0","2024-05-08 22:23:04.0","Fin de journée",12
7712,"2024-05-05 09:15:25.0","2024-05-05 23:24:55.0","Fin de journée",12
2145,"2024-05-01 00:52:49.0","2024-05-01 15:23:56.0","Fin de journée",12
5632,"2024-05-03 07:54:26.0","2024-05-03 22:58:37.0","Fin de journée",12
65,"2024-04-29 04:42:13.0","2024-04-29 20:55:23.0","Fin de journée",12
3552,"2024-05-02 06:14:40.0","2024-05-02 14:45:56.0","Fin de journée",12
1268,"2024-04-30 09:56:20.0","2024-04-30 13:13:22.0","Fin de journée",12
2206,"2024-05-01 09:35:04.0","2024-05-01 18:32:28.0","Fin de journée",12
11729,"2024-05-07 10:34:31.0","2024-05-07 14:43:27.0","Fin de journée",12
6631,"2024-05-04 09:44:07.0","2024-05-04 22:59:30.0","Fin de journée",12
9771,"2024-05-06 03:21:08.0","2024-05-06 13:05:34.0","Fin de journée",12
12789,"2024-05-08 04:16:55.0","2024-05-08 16:52:06.0","Fin de journée",12
7691,"2024-05-05 02:35:32.0","2024-05-05 14:34:01.0","Fin de journée",12
5611,"2024-05-03 08:15:39.0","2024-05-03 18:57:38.0","Fin de journée",12
3531,"2024-05-02 03:38:51.0","2024-05-02 20:36:12.0","Fin de journée",12
9832,"2024-05-06 02:54:35.0","2024-05-06 19:39:43.0","Fin de journée",12
2185,"2024-05-01 07:12:29.0","2024-05-01 22:09:19.0","Fin de journée",12
11769,"2024-05-07 07:04:32.0","2024-05-07 20:20:35.0","Fin de journée",12
12768,"2024-05-08 00:21:21.0","2024-05-08 20:26:04.0","Fin de journée",12
5590,"2024-05-03 09:45:29.0","2024-05-03 16:29:16.0","Fin de journée",12
3510,"2024-05-02 08:22:52.0","2024-05-02 15:42:07.0","Fin de journée",12
9811,"2024-05-06 05:16:41.0","2024-05-06 21:12:26.0","Fin de journée",12
7731,"2024-05-05 01:17:51.0","2024-05-05 17:14:45.0","Fin de journée",12
2164,"2024-05-01 04:54:44.0","2024-05-01 18:06:43.0","Fin de journée",12
5651,"2024-05-03 02:11:05.0","2024-05-03 13:30:14.0","Fin de journée",12
84,"2024-04-29 10:04:02.0","2024-04-29 13:44:31.0","Fin de journée",12
1287,"2024-04-30 02:36:50.0","2024-04-30 13:57:27.0","Fin de journée",12
11748,"2024-05-07 08:51:39.0","2024-05-07 18:39:14.0","Fin de journée",12
6650,"2024-05-04 07:17:35.0","2024-05-04 17:15:55.0","Fin de journée",12
9790,"2024-05-06 03:53:36.0","2024-05-06 13:52:55.0","Fin de journée",12
12808,"2024-05-08 10:38:35.0","2024-05-08 20:21:18.0","Fin de journée",12
7710,"2024-05-05 09:57:17.0","2024-05-05 13:52:42.0","Fin de journée",12
5630,"2024-05-03 03:36:46.0","2024-05-03 21:56:36.0","Fin de journée",12
63,"2024-04-29 10:22:27.0","2024-04-29 16:46:20.0","Fin de journée",12
3550,"2024-05-02 01:25:36.0","2024-05-02 20:41:09.0","Fin de journée",12
1266,"2024-04-30 02:10:03.0","2024-04-30 14:06:01.0","Fin de journée",12
2204,"2024-05-01 04:28:13.0","2024-05-01 16:16:06.0","Fin de journée",12
11727,"2024-05-07 01:42:35.0","2024-05-07 19:49:56.0","Fin de journée",12
11788,"2024-05-07 08:10:36.0","2024-05-07 20:57:09.0","Fin de journée",12
12787,"2024-05-08 04:53:45.0","2024-05-08 21:49:56.0","Fin de journée",12
5609,"2024-05-03 04:26:03.0","2024-05-03 17:55:14.0","Fin de journée",12
3529,"2024-05-02 07:58:53.0","2024-05-02 20:23:48.0","Fin de journée",12
9830,"2024-05-06 03:12:01.0","2024-05-06 17:24:29.0","Fin de journée",12
7750,"2024-05-05 02:52:12.0","2024-05-05 15:42:04.0","Fin de journée",12
2183,"2024-05-01 00:17:16.0","2024-05-01 23:41:44.0","Fin de journée",12
11767,"2024-05-07 00:02:48.0","2024-05-07 16:43:58.0","Fin de journée",12
6669,"2024-05-04 07:12:30.0","2024-05-04 18:08:33.0","Fin de journée",12
9809,"2024-05-06 07:25:57.0","2024-05-06 23:24:29.0","Fin de journée",12
7729,"2024-05-05 08:45:20.0","2024-05-05 15:27:33.0","Fin de journée",12
5649,"2024-05-03 00:01:15.0","2024-05-03 13:43:31.0","Fin de journée",12
82,"2024-04-29 00:31:25.0","2024-04-29 23:44:27.0","Fin de journée",12
3569,"2024-05-02 00:38:38.0","2024-05-02 22:35:43.0","Fin de journée",12
1285,"2024-04-30 02:16:39.0","2024-04-30 20:01:02.0","Fin de journée",12
11746,"2024-05-07 10:42:01.0","2024-05-07 23:41:47.0","Fin de journée",12
11807,"2024-05-07 00:42:13.0","2024-05-07 18:38:57.0","Fin de journée",12
